frame.protocols,eth.src,eth.dst,ip.src,ip.dst,ip.flags,ip.checksum,tcp.flags,tcp.checksum,alert,frame.year,frame.month,frame.day,frame.hour,frame.minute,frame.second,attack_probability,predicted_alert
7,1,2,1,2,0,4804,24,13525,0,2026,8,16,0,0,0,0.16399667,0
1,3,1,2,2,0,42161,24,45506,0,2026,8,16,0,0,1,0.11412338,0
7,1,2,2,1,0,42161,16,45506,0,2026,8,16,0,0,2,0.33653864,0
7,3,3,1,3,2,42161,16,13525,0,2026,8,16,0,0,3,0.05557699,0
1,1,3,2,1,2,42161,2,13525,0,2026,8,16,0,0,4,0.13701516,0
1,1,1,2,1,2,4804,2,45506,0,2026,8,16,0,0,5,0.30927902,0
7,2,2,3,3,0,4804,16,45506,0,2026,8,16,0,0,6,0.08151474,0
2,2,1,2,3,0,4804,2,45506,1,2026,8,16,0,0,7,0.4711885,0
7,3,1,2,2,0,42161,16,13525,0,2026,8,16,0,0,8,0.0520048,0
7,2,2,2,3,0,4804,2,13525,1,2026,8,16,0,0,9,0.7019337,1
7,3,2,3,2,0,4804,24,13525,0,2026,8,16,0,0,10,0.3804066,0
7,2,2,1,2,0,42161,2,13525,0,2026,8,16,0,0,11,0.20895453,0
1,1,3,3,2,0,42161,24,13525,0,2026,8,16,0,0,12,0.20537807,0
7,3,1,3,3,2,4804,24,45506,0,2026,8,16,0,0,13,0.1469456,0
2,3,1,1,1,0,42161,24,45506,0,2026,8,16,0,0,14,0.06736152,0
1,1,3,3,2,2,42161,24,13525,1,2026,8,16,0,0,15,0.71767974,1
2,3,2,1,1,2,42161,2,13525,1,2026,8,16,0,0,16,0.7288091,1
2,3,3,3,1,0,42161,16,45506,0,2026,8,16,0,0,17,0.3108529,0
2,2,3,1,3,0,4804,24,45506,0,2026,8,16,0,0,18,0.056890845,0
2,3,3,2,1,2,42161,2,45506,1,2026,8,16,0,0,19,0.7614423,1
1,1,1,3,1,2,42161,24,45506,0,2026,8,16,0,0,20,0.39315492,0
1,2,3,3,3,0,42161,2,13525,1,2026,8,16,0,0,21,0.73590153,1
2,2,1,3,2,0,42161,2,45506,1,2026,8,16,0,0,22,0.709007,1
2,1,1,3,1,2,42161,2,13525,1,2026,8,16,0,0,23,0.34984824,0
1,1,1,2,3,0,42161,16,45506,0,2026,8,16,0,0,24,0.20754105,0
1,2,2,3,1,0,42161,2,45506,0,2026,8,16,0,0,25,0.20317847,0
1,3,1,2,1,0,42161,2,45506,0,2026,8,16,0,0,26,0.09985521,0
7,2,1,2,2,2,4804,16,13525,0,2026,8,16,0,0,27,0.404694,0
7,1,2,2,1,2,42161,16,13525,1,2026,8,16,0,0,28,0.7852662,1
7,2,1,2,3,2,4804,2,45506,0,2026,8,16,0,0,29,0.53684634,1
2,1,3,1,1,0,42161,16,13525,0,2026,8,16,0,0,30,0.39456883,0
7,2,3,1,2,0,42161,24,13525,1,2026,8,16,0,0,31,0.47974482,0
2,3,1,3,2,2,42161,24,45506,1,2026,8,16,0,0,32,0.91551477,1
2,2,2,1,3,2,42161,16,45506,1,2026,8,16,0,0,33,0.885715,1
7,2,3,1,2,2,4804,16,13525,1,2026,8,16,0,0,34,0.9150342,1
2,1,2,3,1,0,42161,2,13525,0,2026,8,16,0,0,35,0.06466409,0
7,1,2,3,2,2,42161,16,13525,0,2026,8,16,0,0,36,0.13728335,0
7,1,3,3,3,2,4804,2,45506,1,2026,8,16,0,0,37,0.4737847,0
1,2,2,1,2,0,4804,24,45506,0,2026,8,16,0,0,38,0.19113748,0
7,3,3,1,2,0,42161,16,13525,0,2026,8,16,0,0,39,0.3867747,0
1,1,2,3,2,0,4804,2,45506,0,2026,8,16,0,0,40,0.039193373,0
7,1,3,2,3,2,4804,2,45506,0,2026,8,16,0,0,41,0.2615237,0
7,2,1,3,2,0,4804,24,13525,1,2026,8,16,0,0,42,0.7264873,1
1,1,3,2,2,0,42161,16,13525,0,2026,8,16,0,0,43,0.21349731,0
1,3,3,2,1,2,42161,24,45506,0,2026,8,16,0,0,44,0.11553841,0
7,3,3,3,3,0,42161,2,45506,0,2026,8,16,0,0,45,0.07042767,0
2,1,3,3,2,2,4804,2,13525,0,2026,8,16,0,0,46,0.19509825,0
1,1,2,3,3,2,42161,16,45506,0,2026,8,16,0,0,47,0.104174,0
2,2,1,1,2,0,4804,2,45506,0,2026,8,16,0,0,48,0.28926906,0
2,3,3,2,2,0,42161,16,13525,1,2026,8,16,0,0,49,0.30033565,0
2,3,2,1,2,0,42161,24,13525,0,2026,8,16,0,0,50,0.039377704,0
1,1,1,1,1,0,4804,16,45506,0,2026,8,16,0,0,51,0.1949076,0
2,2,1,3,1,0,42161,16,45506,0,2026,8,16,0,0,52,0.08090047,0
1,3,1,1,1,0,4804,2,45506,0,2026,8,16,0,0,53,0.07866705,0
2,3,1,3,3,2,4804,2,13525,0,2026,8,16,0,0,54,0.09084271,0
7,2,3,2,3,2,42161,16,45506,1,2026,8,16,0,0,55,0.8207234,1
7,2,3,3,1,0,4804,2,45506,0,2026,8,16,0,0,56,0.05865021,0
1,3,2,1,3,2,42161,2,13525,1,2026,8,16,0,0,57,0.70497173,1
7,3,2,1,2,0,42161,2,13525,0,2026,8,16,0,0,58,0.18185388,0
7,2,2,3,2,2,4804,16,45506,0,2026,8,16,0,0,59,0.13005039,0
2,3,1,3,2,2,42161,2,13525,0,2026,8,16,0,1,0,0.13008122,0
1,1,1,1,1,2,4804,16,13525,1,2026,8,16,0,1,1,0.7213304,1
2,1,3,2,3,0,42161,2,45506,0,2026,8,16,0,1,2,0.09360154,0
2,2,1,2,1,2,42161,24,13525,0,2026,8,16,0,1,3,0.41401792,0
2,2,1,3,3,0,42161,2,13525,0,2026,8,16,0,1,4,0.12448222,0
2,2,1,2,2,2,42161,2,45506,0,2026,8,16,0,1,5,0.2914665,0
2,1,2,1,1,2,42161,16,13525,0,2026,8,16,0,1,6,0.44939128,0
2,3,2,3,3,2,4804,16,45506,0,2026,8,16,0,1,7,0.04616634,0
2,1,3,1,3,2,4804,2,45506,0,2026,8,16,0,1,8,0.08584947,0
1,3,1,1,2,2,4804,24,13525,0,2026,8,16,0,1,9,0.12026835,0
7,1,1,2,1,0,4804,2,13525,0,2026,8,16,0,1,10,0.22230646,0
2,3,3,3,1,0,4804,2,13525,1,2026,8,16,0,1,11,0.8060206,1
2,1,1,3,1,2,4804,24,45506,1,2026,8,16,0,1,12,0.6972766,1
2,2,1,2,2,2,42161,16,13525,1,2026,8,16,0,1,13,0.70979655,1
2,1,2,1,1,2,42161,2,45506,0,2026,8,16,0,1,14,0.19832838,0
2,3,3,1,2,2,4804,16,13525,0,2026,8,16,0,1,15,0.20623752,0
2,1,3,1,2,0,4804,16,13525,0,2026,8,16,0,1,16,0.6702575,1
7,1,3,1,2,2,42161,24,13525,0,2026,8,16,0,1,17,0.54694694,1
7,1,3,3,3,0,42161,24,45506,0,2026,8,16,0,1,18,0.23967199,0
2,2,2,3,1,2,42161,16,13525,0,2026,8,16,0,1,19,0.22428781,0
7,1,2,2,1,0,4804,2,13525,0,2026,8,16,0,1,20,0.27745017,0
1,2,1,2,2,2,4804,16,45506,0,2026,8,16,0,1,21,0.6485368,1
2,2,1,3,2,2,4804,2,45506,1,2026,8,16,0,1,22,0.6831852,1
1,1,1,3,1,0,42161,2,13525,0,2026,8,16,0,1,23,0.18901967,0
1,1,1,1,2,2,42161,24,13525,0,2026,8,16,0,1,24,0.93879277,1
2,1,2,1,1,2,4804,2,13525,0,2026,8,16,0,1,25,0.32012203,0
7,3,3,2,3,2,4804,2,45506,0,2026,8,16,0,1,26,0.17908335,0
1,1,2,3,2,0,42161,16,45506,0,2026,8,16,0,1,27,0.14661875,0
2,2,1,2,1,2,42161,24,45506,1,2026,8,16,0,1,28,0.9438397,1
1,1,2,3,2,2,42161,2,45506,1,2026,8,16,0,1,29,0.72586495,1
1,3,3,1,1,0,42161,2,13525,0,2026,8,16,0,1,30,0.17629538,0
1,1,3,2,1,0,4804,24,45506,1,2026,8,16,0,1,31,0.84430736,1
1,3,2,2,2,0,42161,16,45506,1,2026,8,16,0,1,32,0.81876326,1
7,3,2,3,3,2,42161,24,45506,1,2026,8,16,0,1,33,0.87046623,1
1,1,2,1,1,2,42161,24,13525,1,2026,8,16,0,1,34,0.9233103,1
1,2,1,2,1,2,4804,2,13525,0,2026,8,16,0,1,35,0.28344694,0
1,3,2,1,1,0,4804,2,45506,0,2026,8,16,0,1,36,0.08864442,0
7,1,2,2,3,2,42161,16,45506,0,2026,8,16,0,1,37,0.6471029,1
1,1,2,1,3,2,42161,2,13525,0,2026,8,16,0,1,38,0.14210293,0
1,2,3,3,2,0,42161,2,13525,1,2026,8,16,0,1,39,0.6959156,1
7,3,3,2,3,0,4804,24,13525,0,2026,8,16,0,1,40,0.087637275,0
7,3,1,2,2,0,4804,2,13525,1,2026,8,16,0,1,41,0.16305497,0
7,1,1,1,2,0,4804,16,13525,1,2026,8,16,0,1,42,0.8687926,1
1,1,3,1,3,0,42161,24,13525,1,2026,8,16,0,1,43,0.6504033,1
7,2,3,2,2,2,4804,16,13525,1,2026,8,16,0,1,44,0.8573244,1
7,2,3,3,3,0,42161,24,13525,0,2026,8,16,0,1,45,0.13347937,0
1,3,2,1,2,2,42161,2,45506,0,2026,8,16,0,1,46,0.22614661,0
7,3,2,1,3,2,42161,24,45506,0,2026,8,16,0,1,47,0.18257017,0
1,1,3,1,3,0,4804,24,45506,0,2026,8,16,0,1,48,0.18474728,0
2,3,2,2,2,0,42161,2,45506,0,2026,8,16,0,1,49,0.36615172,0
7,2,2,2,1,0,4804,2,45506,0,2026,8,16,0,1,50,0.7742787,1
2,2,1,2,2,2,4804,16,45506,1,2026,8,16,0,1,51,0.9334234,1
1,1,3,2,3,0,42161,16,13525,0,2026,8,16,0,1,52,0.09789456,0
7,2,3,3,1,0,42161,2,13525,0,2026,8,16,0,1,53,0.09305236,0
1,2,2,3,2,0,4804,2,45506,0,2026,8,16,0,1,54,0.06300569,0
2,2,3,2,2,0,42161,2,45506,0,2026,8,16,0,1,55,0.08705811,0
1,2,1,3,2,0,4804,24,13525,0,2026,8,16,0,1,56,0.078718394,0
7,1,1,1,1,2,42161,24,13525,1,2026,8,16,0,1,57,0.8185149,1
7,1,1,1,3,2,4804,24,13525,0,2026,8,16,0,1,58,0.6047281,1
2,3,3,1,2,2,4804,2,45506,1,2026,8,16,0,1,59,0.77714956,1
1,2,3,2,2,0,4804,16,13525,0,2026,8,16,0,2,0,0.200955,0
7,3,3,1,2,0,4804,2,45506,1,2026,8,16,0,2,1,0.62008214,1
2,1,3,3,2,0,42161,24,45506,0,2026,8,16,0,2,2,0.087460846,0
7,1,3,2,2,2,42161,24,13525,0,2026,8,16,0,2,3,0.053148348,0
7,1,1,3,3,0,4804,2,13525,0,2026,8,16,0,2,4,0.053721584,0
1,1,2,1,3,0,4804,2,45506,1,2026,8,16,0,2,5,0.8057574,1
7,1,1,1,2,0,42161,24,13525,0,2026,8,16,0,2,6,0.12661123,0
1,1,3,1,1,2,42161,24,13525,0,2026,8,16,0,2,7,0.16934192,0
7,1,1,2,3,0,42161,24,45506,1,2026,8,16,0,2,8,0.51058584,1
2,2,3,3,1,2,42161,2,13525,1,2026,8,16,0,2,9,0.8083546,1
7,3,3,2,3,0,42161,24,45506,0,2026,8,16,0,2,10,0.07694827,0
1,1,1,2,2,2,42161,24,45506,1,2026,8,16,0,2,11,0.871801,1
1,2,3,1,3,2,4804,16,13525,0,2026,8,16,0,2,12,0.08775303,0
2,2,2,2,2,2,42161,2,45506,0,2026,8,16,0,2,13,0.2104452,0
7,3,3,2,3,0,42161,16,45506,0,2026,8,16,0,2,14,0.1009195,0
7,1,2,1,2,0,4804,16,13525,1,2026,8,16,0,2,15,0.8739302,1
2,3,2,2,2,2,42161,24,13525,1,2026,8,16,0,2,16,0.89570457,1
7,1,3,1,2,2,42161,2,13525,0,2026,8,16,0,2,17,0.39085975,0
7,2,1,1,2,0,42161,24,45506,0,2026,8,16,0,2,18,0.46057546,0
1,2,2,1,1,0,42161,2,45506,0,2026,8,16,0,2,19,0.8225695,1
7,2,1,1,2,2,42161,16,13525,1,2026,8,16,0,2,20,0.79869443,1
7,2,2,2,1,0,4804,2,45506,1,2026,8,16,0,2,21,0.7837827,1
2,3,3,1,1,0,42161,24,13525,0,2026,8,16,0,2,22,0.19958043,0
2,1,3,1,2,0,4804,24,13525,1,2026,8,16,0,2,23,0.8672348,1
1,1,2,2,1,0,4804,24,45506,1,2026,8,16,0,2,24,0.95127076,1
7,3,3,2,3,2,42161,2,13525,0,2026,8,16,0,2,25,0.05828208,0
7,1,2,3,2,0,4804,16,45506,0,2026,8,16,0,2,26,0.04561145,0
7,2,3,2,1,0,42161,16,45506,0,2026,8,16,0,2,27,0.2818729,0
1,1,1,2,2,2,4804,2,13525,0,2026,8,16,0,2,28,0.18213025,0
1,2,3,3,2,2,4804,24,45506,0,2026,8,16,0,2,29,0.30294397,0
2,3,1,2,2,0,42161,16,13525,0,2026,8,16,0,2,30,0.26582032,0
1,1,3,2,1,0,42161,24,45506,1,2026,8,16,0,2,31,0.88658357,1
7,3,1,2,3,0,42161,2,45506,0,2026,8,16,0,2,32,0.07066723,0
7,1,3,2,3,0,42161,24,45506,0,2026,8,16,0,2,33,0.11674518,0
1,2,1,3,1,2,42161,16,13525,0,2026,8,16,0,2,34,0.13113122,0
7,3,2,2,2,2,4804,16,45506,0,2026,8,16,0,2,35,0.33906338,0
7,1,2,2,1,2,4804,24,13525,0,2026,8,16,0,2,36,0.18309626,0
1,2,1,3,1,0,4804,2,45506,0,2026,8,16,0,2,37,0.071049795,0
1,3,3,1,1,0,4804,24,45506,0,2026,8,16,0,2,38,0.0487543,0
7,3,1,3,2,0,4804,2,13525,0,2026,8,16,0,2,39,0.07297776,0
7,1,3,1,1,0,4804,24,13525,0,2026,8,16,0,2,40,0.11452162,0
7,1,2,3,2,2,4804,16,13525,0,2026,8,16,0,2,41,0.06294917,0
2,1,3,3,1,2,42161,2,13525,1,2026,8,16,0,2,42,0.7395897,1
2,2,2,2,3,0,42161,2,13525,0,2026,8,16,0,2,43,0.23394662,0
2,1,3,1,1,2,4804,2,45506,0,2026,8,16,0,2,44,0.36377123,0
1,3,3,2,1,0,4804,16,45506,1,2026,8,16,0,2,45,0.6867068,1
2,3,3,1,3,0,42161,24,13525,0,2026,8,16,0,2,46,0.05472837,0
1,1,1,3,2,2,42161,16,45506,0,2026,8,16,0,2,47,0.1464056,0
1,1,1,3,2,0,42161,2,45506,1,2026,8,16,0,2,48,0.5365702,1
2,3,2,1,1,0,42161,24,45506,0,2026,8,16,0,2,49,0.084115304,0
2,2,2,2,3,2,4804,16,13525,0,2026,8,16,0,2,50,0.27110735,0
2,1,1,2,2,0,42161,2,45506,1,2026,8,16,0,2,51,0.6765299,1
7,1,2,2,1,0,4804,2,45506,1,2026,8,16,0,2,52,0.8679258,1
2,3,1,2,3,2,4804,16,45506,1,2026,8,16,0,2,53,0.6339357,1
7,1,3,3,2,0,4804,16,13525,0,2026,8,16,0,2,54,0.11367097,0
1,2,2,3,2,2,42161,16,45506,0,2026,8,16,0,2,55,0.11388519,0
7,3,2,3,3,0,42161,2,45506,0,2026,8,16,0,2,56,0.023558224,0
2,1,1,3,3,2,4804,16,13525,0,2026,8,16,0,2,57,0.022809152,0
1,3,2,3,3,2,4804,2,13525,0,2026,8,16,0,2,58,0.09666565,0
1,1,2,2,3,2,4804,16,45506,0,2026,8,16,0,2,59,0.14555441,0
1,1,3,2,1,0,42161,2,45506,1,2026,8,16,0,3,0,0.7765914,1
7,1,2,2,3,2,4804,2,13525,0,2026,8,16,0,3,1,0.03853098,0
2,2,3,2,2,2,42161,24,13525,0,2026,8,16,0,3,2,0.07868584,0
1,2,1,3,2,2,4804,16,13525,0,2026,8,16,0,3,3,0.016527401,0
1,3,2,3,1,2,4804,16,13525,0,2026,8,16,0,3,4,0.06597532,0
1,1,3,3,2,2,4804,2,13525,0,2026,8,16,0,3,5,0.15775897,0
7,1,1,1,2,0,42161,2,13525,0,2026,8,16,0,3,6,0.112106316,0
7,2,2,2,3,0,42161,2,13525,0,2026,8,16,0,3,7,0.096908525,0
2,1,1,2,2,0,4804,24,45506,0,2026,8,16,0,3,8,0.33669814,0
7,2,2,3,1,0,42161,24,13525,1,2026,8,16,0,3,9,0.8437886,1
1,1,1,2,3,0,4804,2,13525,1,2026,8,16,0,3,10,0.64371115,1
2,3,1,2,3,0,42161,16,45506,0,2026,8,16,0,3,11,0.12424568,0
1,1,3,3,1,0,42161,16,13525,0,2026,8,16,0,3,12,0.7519725,1
1,1,1,1,3,2,42161,24,13525,1,2026,8,16,0,3,13,0.8596275,1
7,2,2,1,3,0,4804,24,45506,1,2026,8,16,0,3,14,0.64510006,1
2,1,2,1,1,2,42161,2,13525,0,2026,8,16,0,3,15,0.358448,0
7,1,3,3,3,2,42161,16,45506,1,2026,8,16,0,3,16,0.452926,0
7,2,2,2,1,0,4804,2,45506,0,2026,8,16,0,3,17,0.50006366,1
2,3,2,3,1,2,4804,24,45506,1,2026,8,16,0,3,18,0.75135183,1
1,3,2,3,2,2,4804,16,45506,1,2026,8,16,0,3,19,0.4339348,0
1,2,1,2,2,2,4804,16,13525,0,2026,8,16,0,3,20,0.19999155,0
2,2,1,1,3,2,42161,24,45506,1,2026,8,16,0,3,21,0.9318868,1
1,2,2,1,3,0,42161,2,45506,0,2026,8,16,0,3,22,0.1859839,0
2,2,3,3,1,0,42161,2,13525,1,2026,8,16,0,3,23,0.9117032,1
2,2,1,1,3,0,42161,16,45506,0,2026,8,16,0,3,24,0.5329559,1
7,3,3,3,1,0,42161,24,45506,1,2026,8,16,0,3,25,0.82265925,1
2,3,2,3,1,0,4804,16,45506,0,2026,8,16,0,3,26,0.099569164,0
7,2,2,2,3,0,42161,24,45506,0,2026,8,16,0,3,27,0.31964242,0
1,1,1,2,1,0,42161,2,13525,0,2026,8,16,0,3,28,0.27851254,0
1,2,2,2,2,0,42161,24,45506,1,2026,8,16,0,3,29,0.91135675,1
1,1,1,3,3,0,4804,2,13525,1,2026,8,16,0,3,30,0.119097516,0
1,2,2,2,2,0,4804,24,13525,1,2026,8,16,0,3,31,0.8492926,1
7,2,2,1,3,2,42161,16,45506,1,2026,8,16,0,3,32,0.70679456,1
1,3,1,1,1,0,4804,2,45506,0,2026,8,16,0,3,33,0.09603714,0
2,1,1,3,3,2,4804,16,45506,0,2026,8,16,0,3,34,0.063955,0
2,1,1,3,2,2,4804,16,45506,0,2026,8,16,0,3,35,0.09635314,0
2,3,2,2,1,2,4804,2,13525,0,2026,8,16,0,3,36,0.060805134,0
7,3,2,3,3,2,4804,2,13525,0,2026,8,16,0,3,37,0.056749023,0
1,3,3,3,3,0,4804,16,13525,0,2026,8,16,0,3,38,0.26943746,0
1,3,1,1,3,2,4804,16,45506,0,2026,8,16,0,3,39,0.3091328,0
1,1,2,1,2,0,42161,16,13525,0,2026,8,16,0,3,40,0.27054778,0
7,1,2,2,2,0,42161,16,45506,0,2026,8,16,0,3,41,0.15705128,0
2,2,1,3,3,2,4804,2,45506,0,2026,8,16,0,3,42,0.1070331,0
2,2,3,3,1,0,42161,2,45506,1,2026,8,16,0,3,43,0.76951134,1
1,3,1,1,1,2,42161,16,45506,1,2026,8,16,0,3,44,0.71753407,1
2,3,3,3,2,2,4804,24,45506,1,2026,8,16,0,3,45,0.72930664,1
2,3,2,1,1,0,42161,24,13525,0,2026,8,16,0,3,46,0.08009992,0
7,2,3,2,2,0,4804,2,13525,0,2026,8,16,0,3,47,0.54221904,1
7,2,2,1,3,2,4804,16,45506,1,2026,8,16,0,3,48,0.83466005,1
7,2,1,3,2,0,4804,16,13525,0,2026,8,16,0,3,49,0.20785226,0
7,2,1,2,2,0,42161,2,45506,0,2026,8,16,0,3,50,0.26905733,0
1,2,1,1,3,0,42161,24,45506,0,2026,8,16,0,3,51,0.3856689,0
7,2,3,1,1,2,42161,24,45506,0,2026,8,16,0,3,52,0.1435246,0
2,2,2,2,2,2,42161,24,13525,0,2026,8,16,0,3,53,0.19609815,0
1,3,1,2,2,0,4804,2,45506,0,2026,8,16,0,3,54,0.110568546,0
2,3,1,1,3,0,4804,24,45506,0,2026,8,16,0,3,55,0.030021962,0
2,3,2,3,1,0,42161,2,13525,0,2026,8,16,0,3,56,0.0719479,0
2,3,1,1,2,0,4804,2,13525,0,2026,8,16,0,3,57,0.21816005,0
7,2,2,2,3,0,4804,16,13525,1,2026,8,16,0,3,58,0.6879927,1
7,1,2,1,2,2,42161,24,45506,0,2026,8,16,0,3,59,0.42188573,0
1,2,2,2,3,0,4804,2,45506,0,2026,8,16,0,4,0,0.15258919,0
1,1,2,2,1,2,42161,24,13525,1,2026,8,16,0,4,1,0.8550979,1
7,3,2,3,1,0,4804,24,45506,0,2026,8,16,0,4,2,0.059838288,0
2,2,3,2,1,2,42161,16,13525,0,2026,8,16,0,4,3,0.12801021,0
1,3,1,2,1,0,4804,24,13525,0,2026,8,16,0,4,4,0.041366044,0
7,2,3,3,2,2,4804,16,45506,0,2026,8,16,0,4,5,0.023328617,0
7,3,1,2,2,0,42161,2,45506,0,2026,8,16,0,4,6,0.030927336,0
7,1,3,3,1,2,42161,24,13525,1,2026,8,16,0,4,7,0.10402597,0
2,1,2,3,1,2,42161,2,13525,0,2026,8,16,0,4,8,0.1776906,0
7,1,1,2,1,2,42161,24,13525,0,2026,8,16,0,4,9,0.24083921,0
7,2,1,2,2,2,4804,2,13525,0,2026,8,16,0,4,10,0.095335424,0
7,1,3,1,1,2,4804,24,45506,0,2026,8,16,0,4,11,0.04199006,0
7,2,3,3,1,2,42161,24,13525,0,2026,8,16,0,4,12,0.16904373,0
1,1,1,1,1,0,4804,24,13525,0,2026,8,16,0,4,13,0.34510323,0
1,1,3,2,3,2,42161,24,13525,0,2026,8,16,0,4,14,0.50759405,1
7,2,3,1,1,0,42161,24,45506,0,2026,8,16,0,4,15,0.16815339,0
2,2,3,3,3,0,4804,24,45506,0,2026,8,16,0,4,16,0.064505056,0
1,1,2,1,3,0,4804,24,13525,0,2026,8,16,0,4,17,0.14969613,0
7,2,2,3,1,0,42161,24,45506,1,2026,8,16,0,4,18,0.84680444,1
1,1,3,2,3,0,42161,24,45506,0,2026,8,16,0,4,19,0.20855238,0
1,2,3,2,1,2,42161,2,45506,0,2026,8,16,0,4,20,0.5765197,1
2,3,2,3,2,2,4804,16,13525,0,2026,8,16,0,4,21,0.11685329,0
7,3,2,2,2,2,4804,24,13525,1,2026,8,16,0,4,22,0.7195644,1
7,3,1,2,2,0,4804,16,45506,0,2026,8,16,0,4,23,0.20940208,0
2,3,1,2,2,2,4804,24,13525,0,2026,8,16,0,4,24,0.43681604,0
2,3,2,2,3,2,42161,24,13525,1,2026,8,16,0,4,25,0.73640496,1
7,1,3,3,1,2,42161,2,45506,1,2026,8,16,0,4,26,0.22462063,0
7,3,3,1,1,2,42161,2,45506,0,2026,8,16,0,4,27,0.07427103,0
2,3,3,1,1,2,42161,16,13525,0,2026,8,16,0,4,28,0.0882954,0
1,3,3,2,2,0,42161,2,45506,1,2026,8,16,0,4,29,0.6596813,1
1,3,1,1,2,2,42161,2,13525,1,2026,8,16,0,4,30,0.6987338,1
2,2,2,1,1,0,4804,16,13525,1,2026,8,16,0,4,31,0.9455674,1
1,1,3,2,2,0,4804,2,45506,0,2026,8,16,0,4,32,0.17280972,0
2,3,1,2,1,0,42161,24,13525,0,2026,8,16,0,4,33,0.10471638,0
1,3,3,1,1,0,42161,16,13525,0,2026,8,16,0,4,34,0.15218157,0
1,3,2,3,1,0,4804,16,45506,1,2026,8,16,0,4,35,0.07958561,0
7,1,1,2,1,2,4804,24,45506,0,2026,8,16,0,4,36,0.0883905,0
7,2,2,3,1,2,4804,2,45506,0,2026,8,16,0,4,37,0.05999166,0
1,1,2,1,1,2,4804,16,13525,1,2026,8,16,0,4,38,0.824811,1
1,2,1,2,1,0,42161,16,45506,0,2026,8,16,0,4,39,0.35505074,0
7,3,1,3,2,2,42161,24,45506,1,2026,8,16,0,4,40,0.47122872,0
7,3,1,2,1,2,42161,24,45506,0,2026,8,16,0,4,41,0.099847235,0
7,1,1,1,1,0,42161,2,45506,0,2026,8,16,0,4,42,0.077616565,0
2,1,1,3,2,0,42161,16,13525,0,2026,8,16,0,4,43,0.06399835,0
1,2,1,1,2,0,4804,2,13525,1,2026,8,16,0,4,44,0.69981384,1
7,2,1,1,2,0,42161,2,45506,0,2026,8,16,0,4,45,0.1479737,0
1,1,3,2,1,2,4804,24,13525,0,2026,8,16,0,4,46,0.5090139,1
2,2,2,3,3,0,42161,16,45506,1,2026,8,16,0,4,47,0.6118634,1
2,1,1,1,3,0,42161,16,45506,0,2026,8,16,0,4,48,0.30815226,0
7,2,3,1,2,2,42161,16,13525,0,2026,8,16,0,4,49,0.277334,0
2,1,3,3,3,2,42161,24,13525,0,2026,8,16,0,4,50,0.20301415,0
1,1,3,1,2,0,42161,24,45506,0,2026,8,16,0,4,51,0.32232627,0
7,1,2,1,1,2,4804,24,45506,0,2026,8,16,0,4,52,0.21962717,0
1,2,1,3,3,0,4804,24,13525,0,2026,8,16,0,4,53,0.019436352,0
1,2,3,3,1,0,4804,24,45506,0,2026,8,16,0,4,54,0.2428556,0
2,2,2,3,3,2,42161,16,13525,0,2026,8,16,0,4,55,0.049940072,0
2,1,2,3,1,2,42161,2,45506,0,2026,8,16,0,4,56,0.19248277,0
2,2,2,2,3,0,4804,16,45506,0,2026,8,16,0,4,57,0.072289005,0
2,2,3,3,1,0,42161,2,13525,0,2026,8,16,0,4,58,0.20984802,0
2,1,1,2,1,0,42161,24,13525,0,2026,8,16,0,4,59,0.45788696,0
7,3,3,2,3,2,4804,2,13525,0,2026,8,16,0,5,0,0.032041587,0
1,1,3,2,1,0,42161,16,13525,0,2026,8,16,0,5,1,0.29894832,0
1,2,1,1,1,0,4804,16,13525,0,2026,8,16,0,5,2,0.47745112,0
1,1,1,2,1,0,42161,2,13525,1,2026,8,16,0,5,3,0.73227817,1
1,3,1,2,3,0,4804,24,13525,0,2026,8,16,0,5,4,0.037582576,0
2,1,2,1,3,0,42161,24,45506,1,2026,8,16,0,5,5,0.8888678,1
1,2,1,1,1,2,42161,16,45506,1,2026,8,16,0,5,6,0.73623025,1
7,3,3,1,1,0,4804,2,45506,0,2026,8,16,0,5,7,0.17210291,0
7,2,1,3,3,0,42161,24,13525,0,2026,8,16,0,5,8,0.21298207,0
1,3,3,1,3,0,42161,24,13525,0,2026,8,16,0,5,9,0.09384055,0
1,3,2,1,1,0,4804,16,13525,1,2026,8,16,0,5,10,0.8507439,1
7,1,3,2,1,2,42161,24,45506,0,2026,8,16,0,5,11,0.12249674,0
7,1,3,1,1,2,4804,2,13525,0,2026,8,16,0,5,12,0.05499274,0
2,2,1,3,2,2,42161,16,13525,0,2026,8,16,0,5,13,0.09570403,0
7,1,1,1,3,0,42161,16,45506,1,2026,8,16,0,5,14,0.8720904,1
2,1,3,3,2,0,42161,2,13525,1,2026,8,16,0,5,15,0.9047902,1
2,3,1,1,3,2,42161,16,45506,0,2026,8,16,0,5,16,0.6096272,1
2,1,2,1,3,2,4804,24,45506,0,2026,8,16,0,5,17,0.23845878,0
2,3,2,1,3,2,42161,24,13525,0,2026,8,16,0,5,18,0.4542936,0
2,3,1,1,3,0,4804,2,13525,0,2026,8,16,0,5,19,0.27381593,0
1,3,2,3,3,0,42161,24,13525,1,2026,8,16,0,5,20,0.7543893,1
7,2,1,3,3,2,42161,2,45506,0,2026,8,16,0,5,21,0.07902255,0
2,2,3,2,3,2,42161,2,45506,0,2026,8,16,0,5,22,0.23672834,0
7,2,3,3,2,2,42161,24,45506,0,2026,8,16,0,5,23,0.73286134,1
7,3,2,1,1,0,4804,2,13525,1,2026,8,16,0,5,24,0.69998825,1
2,2,1,2,1,0,4804,24,13525,1,2026,8,16,0,5,25,0.8539897,1
1,2,1,2,2,0,4804,16,13525,0,2026,8,16,0,5,26,0.1472305,0
2,1,2,2,2,2,4804,16,13525,1,2026,8,16,0,5,27,0.42249447,0
1,2,3,1,2,2,42161,2,45506,0,2026,8,16,0,5,28,0.29083103,0
7,2,2,3,2,0,4804,24,45506,0,2026,8,16,0,5,29,0.19600642,0
1,3,3,1,3,2,4804,24,45506,0,2026,8,16,0,5,30,0.04203559,0
1,3,1,2,1,0,42161,16,45506,0,2026,8,16,0,5,31,0.41760746,0
1,3,3,1,3,2,42161,16,13525,0,2026,8,16,0,5,32,0.28831,0
7,3,2,1,1,2,42161,24,13525,1,2026,8,16,0,5,33,0.23103625,0
7,3,1,3,1,2,42161,2,13525,0,2026,8,16,0,5,34,0.04407968,0
1,3,2,3,2,2,4804,16,45506,0,2026,8,16,0,5,35,0.05630688,0
1,2,2,2,3,0,4804,2,45506,0,2026,8,16,0,5,36,0.04908225,0
2,3,3,1,2,2,42161,2,13525,0,2026,8,16,0,5,37,0.10530979,0
1,3,2,1,3,0,42161,16,13525,1,2026,8,16,0,5,38,0.7347,1
2,1,3,3,1,0,42161,2,45506,0,2026,8,16,0,5,39,0.22215933,0
1,2,1,1,2,0,4804,2,13525,0,2026,8,16,0,5,40,0.3365193,0
2,2,3,1,2,2,4804,24,45506,1,2026,8,16,0,5,41,0.7816246,1
7,2,1,1,1,0,42161,2,45506,0,2026,8,16,0,5,42,0.35906285,0
1,3,3,3,1,0,42161,24,45506,0,2026,8,16,0,5,43,0.18412013,0
1,3,2,2,1,0,4804,16,13525,0,2026,8,16,0,5,44,0.3402703,0
1,3,3,2,2,2,42161,16,13525,0,2026,8,16,0,5,45,0.27740094,0
1,1,3,1,3,2,42161,24,45506,1,2026,8,16,0,5,46,0.8173574,1
2,3,1,2,2,0,4804,16,13525,1,2026,8,16,0,5,47,0.786237,1
1,1,2,3,3,2,42161,2,45506,0,2026,8,16,0,5,48,0.09868927,0
7,2,3,3,2,0,4804,2,45506,1,2026,8,16,0,5,49,0.6884632,1
7,3,2,2,2,0,42161,2,45506,0,2026,8,16,0,5,50,0.39205614,0
1,1,3,2,1,2,42161,16,45506,0,2026,8,16,0,5,51,0.5386858,1
7,1,3,1,3,0,4804,2,13525,0,2026,8,16,0,5,52,0.10770829,0
1,3,2,2,2,2,4804,16,45506,0,2026,8,16,0,5,53,0.2670868,0
1,2,3,1,2,2,42161,2,45506,0,2026,8,16,0,5,54,0.107709944,0
7,2,2,1,1,0,4804,24,13525,0,2026,8,16,0,5,55,0.35191977,0
1,2,3,3,1,2,42161,16,45506,1,2026,8,16,0,5,56,0.5669707,1
7,1,1,3,3,2,42161,16,45506,0,2026,8,16,0,5,57,0.09511946,0
2,1,2,3,2,0,4804,2,13525,0,2026,8,16,0,5,58,0.066588685,0
1,1,3,3,3,0,42161,16,13525,0,2026,8,16,0,5,59,0.0726969,0
2,1,3,2,2,2,42161,16,13525,0,2026,8,16,0,6,0,0.23622935,0
7,2,1,3,3,2,4804,24,45506,0,2026,8,16,0,6,1,0.03685776,0
2,3,2,2,1,0,4804,24,13525,0,2026,8,16,0,6,2,0.068600275,0
2,1,3,3,2,2,42161,2,13525,1,2026,8,16,0,6,3,0.656856,1
7,1,1,2,3,2,4804,24,45506,0,2026,8,16,0,6,4,0.052757766,0
2,2,3,1,1,2,4804,2,45506,0,2026,8,16,0,6,5,0.24098065,0
2,3,2,2,1,2,4804,2,45506,0,2026,8,16,0,6,6,0.034514934,0
7,3,3,2,3,2,4804,2,45506,0,2026,8,16,0,6,7,0.0232486,0
2,2,3,3,2,2,42161,16,45506,0,2026,8,16,0,6,8,0.112200014,0
7,2,3,2,2,2,42161,24,13525,1,2026,8,16,0,6,9,0.6318073,1
2,3,3,1,1,0,42161,2,13525,0,2026,8,16,0,6,10,0.15522784,0
7,1,1,1,2,0,4804,24,13525,0,2026,8,16,0,6,11,0.12117702,0
7,3,1,3,2,0,4804,2,45506,0,2026,8,16,0,6,12,0.039148867,0
2,2,2,1,2,0,4804,24,45506,0,2026,8,16,0,6,13,0.20585266,0
2,1,1,2,1,0,4804,24,45506,0,2026,8,16,0,6,14,0.27121398,0
2,1,1,1,3,2,4804,2,13525,1,2026,8,16,0,6,15,0.69733214,1
1,2,2,3,2,2,4804,16,13525,0,2026,8,16,0,6,16,0.19154072,0
1,2,1,2,1,2,4804,24,45506,1,2026,8,16,0,6,17,0.59402496,1
1,2,1,3,1,2,42161,16,13525,0,2026,8,16,0,6,18,0.123906635,0
7,3,2,2,3,0,42161,16,45506,1,2026,8,16,0,6,19,0.83008343,1
2,3,2,1,2,2,4804,2,13525,0,2026,8,16,0,6,20,0.16761017,0
7,1,2,3,2,2,4804,2,13525,0,2026,8,16,0,6,21,0.19466123,0
1,2,3,3,3,0,4804,2,13525,0,2026,8,16,0,6,22,0.14978398,0
2,1,3,2,3,2,42161,24,45506,1,2026,8,16,0,6,23,0.8585758,1
7,1,2,3,1,2,42161,2,13525,0,2026,8,16,0,6,24,0.22663838,0
2,1,2,2,1,0,4804,2,13525,0,2026,8,16,0,6,25,0.2881502,0
7,1,2,2,3,2,4804,24,45506,0,2026,8,16,0,6,26,0.07485723,0
2,2,3,2,2,2,42161,24,13525,1,2026,8,16,0,6,27,0.90836865,1
1,1,3,2,1,2,42161,2,45506,0,2026,8,16,0,6,28,0.24733336,0
1,2,1,1,1,2,42161,2,45506,1,2026,8,16,0,6,29,0.7688321,1
2,2,1,2,2,2,42161,2,45506,0,2026,8,16,0,6,30,0.34601006,0
7,3,2,3,1,0,4804,2,45506,0,2026,8,16,0,6,31,0.11075543,0
1,2,3,1,2,0,42161,16,45506,0,2026,8,16,0,6,32,0.41003734,0
1,3,3,3,2,0,42161,16,13525,1,2026,8,16,0,6,33,0.813377,1
1,2,3,1,2,0,4804,2,45506,0,2026,8,16,0,6,34,0.12516408,0
2,2,2,2,3,0,42161,16,45506,1,2026,8,16,0,6,35,0.843085,1
2,2,1,1,3,0,42161,24,45506,0,2026,8,16,0,6,36,0.697751,1
7,3,2,1,3,2,42161,16,45506,0,2026,8,16,0,6,37,0.3943155,0
7,3,1,3,2,0,4804,16,13525,0,2026,8,16,0,6,38,0.27929994,0
7,1,1,3,2,0,42161,2,45506,0,2026,8,16,0,6,39,0.07131392,0
2,3,2,2,3,2,4804,16,13525,1,2026,8,16,0,6,40,0.6100817,1
2,3,1,1,1,2,4804,16,45506,1,2026,8,16,0,6,41,0.8618989,1
7,3,1,1,2,0,42161,16,13525,1,2026,8,16,0,6,42,0.8899346,1
7,3,3,1,1,2,42161,16,45506,1,2026,8,16,0,6,43,0.8311774,1
2,1,1,2,1,0,42161,24,45506,0,2026,8,16,0,6,44,0.17977534,0
7,3,2,2,2,2,42161,2,13525,0,2026,8,16,0,6,45,0.08584625,0
1,2,2,2,2,0,4804,2,45506,1,2026,8,16,0,6,46,0.68230087,1
2,2,1,2,1,2,42161,24,13525,0,2026,8,16,0,6,47,0.22986573,0
7,3,3,2,1,2,42161,16,45506,1,2026,8,16,0,6,48,0.8614317,1
2,3,3,3,3,0,42161,24,13525,1,2026,8,16,0,6,49,0.28439543,0
1,2,1,1,3,0,4804,16,45506,0,2026,8,16,0,6,50,0.30511206,0
2,2,1,1,2,0,42161,24,45506,1,2026,8,16,0,6,51,0.66576993,1
2,1,2,1,3,0,42161,2,13525,0,2026,8,16,0,6,52,0.06854675,0
2,2,1,1,3,0,4804,2,45506,0,2026,8,16,0,6,53,0.051176522,0
2,2,3,1,3,2,4804,2,45506,0,2026,8,16,0,6,54,0.044684995,0
1,3,1,1,3,0,42161,16,45506,0,2026,8,16,0,6,55,0.14495888,0
2,2,2,1,1,0,42161,16,45506,0,2026,8,16,0,6,56,0.3811931,0
2,1,2,1,2,2,42161,24,45506,0,2026,8,16,0,6,57,0.26761743,0
7,2,2,3,3,2,42161,24,45506,1,2026,8,16,0,6,58,0.7130427,1
2,3,2,1,1,0,42161,2,13525,1,2026,8,16,0,6,59,0.7044387,1
7,3,2,3,1,2,4804,16,13525,0,2026,8,16,0,7,0,0.17841512,0
1,2,1,2,1,2,4804,24,13525,0,2026,8,16,0,7,1,0.30891174,0
1,3,1,1,3,0,42161,16,45506,1,2026,8,16,0,7,2,0.3219033,0
1,1,1,2,3,2,42161,16,13525,0,2026,8,16,0,7,3,0.08758462,0
1,1,1,2,2,2,4804,2,45506,0,2026,8,16,0,7,4,0.04983459,0
7,2,2,2,3,0,42161,2,45506,0,2026,8,16,0,7,5,0.19614954,0
2,2,3,3,3,0,42161,16,45506,0,2026,8,16,0,7,6,0.101971254,0
1,2,1,2,1,2,42161,16,45506,0,2026,8,16,0,7,7,0.1304813,0
2,3,3,2,2,2,42161,16,13525,1,2026,8,16,0,7,8,0.06405367,0
7,1,1,2,3,0,42161,16,45506,0,2026,8,16,0,7,9,0.5981814,1
7,1,1,1,3,2,4804,2,13525,0,2026,8,16,0,7,10,0.16632389,0
7,3,3,1,1,2,42161,24,45506,0,2026,8,16,0,7,11,0.08141826,0
1,1,2,3,1,2,42161,2,13525,0,2026,8,16,0,7,12,0.13610564,0
2,2,1,3,3,0,42161,24,13525,0,2026,8,16,0,7,13,0.51263213,1
2,2,1,1,2,2,4804,16,13525,1,2026,8,16,0,7,14,0.86231124,1
2,2,1,3,2,2,4804,24,13525,1,2026,8,16,0,7,15,0.8937553,1
7,1,3,1,1,0,4804,2,13525,0,2026,8,16,0,7,16,0.49967822,0
1,2,2,2,1,2,4804,2,13525,1,2026,8,16,0,7,17,0.71878946,1
7,3,3,2,3,2,42161,16,45506,1,2026,8,16,0,7,18,0.84789664,1
7,3,3,3,1,0,4804,2,13525,1,2026,8,16,0,7,19,0.8153622,1
2,1,2,1,3,0,42161,16,45506,0,2026,8,16,0,7,20,0.16058773,0
7,3,3,1,2,0,42161,2,13525,0,2026,8,16,0,7,21,0.16285364,0
2,3,2,3,2,0,4804,2,45506,0,2026,8,16,0,7,22,0.08200881,0
1,1,1,1,3,2,4804,16,13525,0,2026,8,16,0,7,23,0.08949975,0
2,2,2,2,1,2,4804,24,13525,0,2026,8,16,0,7,24,0.8140056,1
1,2,1,3,2,0,4804,2,45506,0,2026,8,16,0,7,25,0.023996005,0
2,2,3,3,1,0,4804,24,13525,1,2026,8,16,0,7,26,0.71131134,1
7,1,3,1,2,2,42161,2,13525,1,2026,8,16,0,7,27,0.6326655,1
7,3,1,3,3,0,4804,2,13525,1,2026,8,16,0,7,28,0.60010153,1
1,2,3,1,3,2,4804,2,45506,0,2026,8,16,0,7,29,0.07615943,0
1,2,2,1,3,0,4804,2,13525,0,2026,8,16,0,7,30,0.09802174,0
1,1,1,1,2,2,42161,24,45506,0,2026,8,16,0,7,31,0.38810468,0
2,2,3,1,1,0,4804,24,13525,0,2026,8,16,0,7,32,0.20054264,0
2,1,1,1,1,0,42161,2,13525,0,2026,8,16,0,7,33,0.20638156,0
1,3,2,3,1,2,4804,2,45506,0,2026,8,16,0,7,34,0.054746863,0
7,1,2,2,2,0,4804,24,13525,0,2026,8,16,0,7,35,0.12730272,0
2,1,3,2,2,2,42161,16,13525,1,2026,8,16,0,7,36,0.7413447,1
2,1,2,3,2,2,4804,16,45506,0,2026,8,16,0,7,37,0.05297963,0
2,1,1,3,2,2,42161,24,13525,1,2026,8,16,0,7,38,0.86252266,1
1,3,2,2,2,2,42161,2,45506,0,2026,8,16,0,7,39,0.06418578,0
1,3,1,2,1,2,42161,2,45506,0,2026,8,16,0,7,40,0.0339517,0
1,2,1,2,2,0,4804,16,45506,0,2026,8,16,0,7,41,0.21670355,0
1,3,2,2,2,0,4804,16,13525,0,2026,8,16,0,7,42,0.21462487,0
1,3,3,2,1,2,4804,24,45506,0,2026,8,16,0,7,43,0.105394416,0
7,2,2,1,2,0,42161,16,45506,0,2026,8,16,0,7,44,0.7777128,1
7,3,1,3,1,2,4804,24,13525,0,2026,8,16,0,7,45,0.11240794,0
1,1,1,1,1,0,42161,16,45506,0,2026,8,16,0,7,46,0.19377927,0
2,1,2,2,3,0,4804,16,13525,0,2026,8,16,0,7,47,0.21302882,0
1,2,3,2,3,0,42161,16,13525,1,2026,8,16,0,7,48,0.73286545,1
7,2,3,2,3,0,42161,2,13525,0,2026,8,16,0,7,49,0.21885194,0
7,2,1,1,3,2,42161,2,13525,1,2026,8,16,0,7,50,0.7219712,1
2,1,1,1,2,2,4804,2,45506,0,2026,8,16,0,7,51,0.31468073,0
7,3,3,2,3,0,42161,16,45506,1,2026,8,16,0,7,52,0.85991794,1
1,1,2,1,1,0,42161,24,45506,1,2026,8,16,0,7,53,0.7875518,1
2,2,1,1,2,2,42161,24,45506,0,2026,8,16,0,7,54,0.1508905,0
1,3,1,2,3,0,42161,24,45506,0,2026,8,16,0,7,55,0.17695409,0
1,3,3,1,1,2,42161,24,13525,1,2026,8,16,0,7,56,0.7871473,1
2,1,2,3,2,2,42161,2,45506,0,2026,8,16,0,7,57,0.08269807,0
1,2,3,3,2,2,4804,2,45506,0,2026,8,16,0,7,58,0.13611025,0
7,1,2,3,3,0,4804,16,45506,0,2026,8,16,0,7,59,0.074294455,0
1,3,2,3,2,2,42161,16,13525,1,2026,8,16,0,8,0,0.4994309,0
2,1,2,2,1,0,4804,24,13525,1,2026,8,16,0,8,1,0.8294336,1
2,1,1,2,2,2,4804,2,45506,0,2026,8,16,0,8,2,0.058205154,0
2,2,3,2,1,0,42161,24,13525,0,2026,8,16,0,8,3,0.22368138,0
1,2,3,3,2,0,42161,16,45506,0,2026,8,16,0,8,4,0.1845875,0
2,3,2,3,3,0,42161,16,45506,0,2026,8,16,0,8,5,0.11002724,0
2,1,1,1,1,2,4804,24,13525,1,2026,8,16,0,8,6,0.90234023,1
1,1,1,1,2,2,42161,16,13525,0,2026,8,16,0,8,7,0.1396294,0
7,1,3,3,2,0,4804,24,45506,0,2026,8,16,0,8,8,0.031124214,0
1,3,1,3,2,0,42161,2,45506,0,2026,8,16,0,8,9,0.07533888,0
2,3,1,3,1,0,4804,24,13525,1,2026,8,16,0,8,10,0.82621217,1
2,2,2,3,1,2,42161,2,45506,0,2026,8,16,0,8,11,0.05380502,0
1,2,1,1,1,2,42161,2,13525,0,2026,8,16,0,8,12,0.22063449,0
7,2,2,3,3,2,4804,16,45506,0,2026,8,16,0,8,13,0.024505863,0
2,1,3,1,3,2,4804,16,13525,0,2026,8,16,0,8,14,0.288328,0
2,1,1,3,1,0,4804,16,45506,0,2026,8,16,0,8,15,0.13053165,0
2,2,3,3,2,0,4804,24,45506,0,2026,8,16,0,8,16,0.11930236,0
1,1,3,3,3,2,4804,24,13525,0,2026,8,16,0,8,17,0.11538304,0
2,2,1,1,1,2,4804,16,45506,1,2026,8,16,0,8,18,0.9081331,1
7,3,1,1,2,0,42161,24,45506,1,2026,8,16,0,8,19,0.7716446,1
2,2,3,2,3,2,4804,16,13525,1,2026,8,16,0,8,20,0.18081835,0
2,3,1,3,2,2,42161,24,45506,0,2026,8,16,0,8,21,0.5038767,1
7,1,2,2,2,2,42161,2,45506,1,2026,8,16,0,8,22,0.4977971,0
2,2,2,2,2,2,4804,2,45506,0,2026,8,16,0,8,23,0.18332759,0
1,1,1,1,2,2,42161,16,13525,0,2026,8,16,0,8,24,0.16662858,0
1,3,3,1,3,2,4804,24,13525,0,2026,8,16,0,8,25,0.03521069,0
1,3,1,2,3,0,4804,24,13525,0,2026,8,16,0,8,26,0.058270816,0
7,3,1,3,3,2,42161,2,45506,0,2026,8,16,0,8,27,0.050852668,0
2,1,3,1,1,2,42161,2,45506,0,2026,8,16,0,8,28,0.13913213,0
1,1,3,3,3,0,4804,16,45506,0,2026,8,16,0,8,29,0.04546748,0
7,1,2,3,2,0,4804,2,45506,0,2026,8,16,0,8,30,0.07566506,0
2,1,3,2,3,0,42161,16,13525,0,2026,8,16,0,8,31,0.16055287,0
7,3,2,2,2,2,42161,2,45506,0,2026,8,16,0,8,32,0.061721068,0
1,3,3,2,1,0,42161,2,45506,0,2026,8,16,0,8,33,0.055888966,0
1,2,1,2,2,2,42161,24,45506,1,2026,8,16,0,8,34,0.50844115,1
1,2,2,1,2,2,4804,2,13525,1,2026,8,16,0,8,35,0.7667549,1
7,1,2,1,2,2,4804,2,45506,0,2026,8,16,0,8,36,0.1989081,0
7,3,2,2,1,0,4804,16,45506,0,2026,8,16,0,8,37,0.09203461,0
1,3,1,1,3,0,4804,2,45506,0,2026,8,16,0,8,38,0.04424477,0
7,3,1,2,3,0,42161,16,45506,1,2026,8,16,0,8,39,0.7941239,1
1,2,1,3,1,0,42161,2,45506,0,2026,8,16,0,8,40,0.053136677,0
1,2,1,3,2,0,4804,2,13525,0,2026,8,16,0,8,41,0.14964041,0
2,3,1,3,3,2,4804,16,45506,0,2026,8,16,0,8,42,0.075028084,0
7,3,2,2,1,2,4804,24,45506,0,2026,8,16,0,8,43,0.07769826,0
1,3,1,3,3,2,4804,16,45506,0,2026,8,16,0,8,44,0.07646065,0
1,2,2,1,1,2,4804,16,45506,1,2026,8,16,0,8,45,0.9418421,1
7,3,1,3,2,0,4804,16,45506,0,2026,8,16,0,8,46,0.13042204,0
2,3,3,3,3,0,4804,24,45506,0,2026,8,16,0,8,47,0.09239039,0
2,1,2,3,1,2,4804,2,45506,1,2026,8,16,0,8,48,0.7265564,1
1,1,3,1,3,0,4804,16,45506,1,2026,8,16,0,8,49,0.7268793,1
7,2,2,2,3,0,42161,16,45506,0,2026,8,16,0,8,50,0.8819022,1
2,3,3,1,3,2,4804,24,45506,0,2026,8,16,0,8,51,0.09470797,0
7,3,1,2,3,2,42161,16,13525,0,2026,8,16,0,8,52,0.7823772,1
7,1,1,2,1,0,42161,2,13525,1,2026,8,16,0,8,53,0.8902812,1
1,2,1,3,2,0,4804,24,13525,0,2026,8,16,0,8,54,0.18192713,0
2,1,2,2,1,2,4804,2,13525,1,2026,8,16,0,8,55,0.8720993,1
1,1,3,1,1,2,42161,2,45506,0,2026,8,16,0,8,56,0.57994413,1
2,1,1,1,1,2,42161,24,13525,0,2026,8,16,0,8,57,0.78753155,1
2,1,3,2,2,0,4804,16,13525,0,2026,8,16,0,8,58,0.17849492,0
2,3,3,3,3,2,42161,2,45506,0,2026,8,16,0,8,59,0.10898423,0
2,3,1,3,3,2,4804,2,13525,0,2026,8,16,0,9,0,0.077644266,0
2,1,1,1,3,0,4804,2,13525,0,2026,8,16,0,9,1,0.65421087,1
7,2,3,3,2,0,4804,2,45506,0,2026,8,16,0,9,2,0.05133097,0
1,2,1,2,3,0,42161,24,45506,1,2026,8,16,0,9,3,0.7595012,1
7,2,1,2,2,0,42161,24,45506,0,2026,8,16,0,9,4,0.13281843,0
2,2,1,1,3,0,4804,2,13525,1,2026,8,16,0,9,5,0.8576943,1
1,1,2,2,3,2,42161,16,13525,0,2026,8,16,0,9,6,0.10029329,0
2,3,3,1,1,2,42161,2,45506,0,2026,8,16,0,9,7,0.021963147,0
1,2,3,2,2,0,42161,16,45506,0,2026,8,16,0,9,8,0.15775739,0
7,1,2,1,1,0,42161,2,13525,0,2026,8,16,0,9,9,0.25564784,0
1,2,3,3,1,0,42161,16,45506,1,2026,8,16,0,9,10,0.6713697,1
1,2,1,2,1,0,42161,2,13525,0,2026,8,16,0,9,11,0.19626215,0
1,1,3,2,2,0,42161,16,45506,0,2026,8,16,0,9,12,0.17227174,0
1,3,1,1,2,2,4804,2,45506,0,2026,8,16,0,9,13,0.039845187,0
1,3,2,1,3,2,42161,2,13525,0,2026,8,16,0,9,14,0.045175456,0
2,1,1,2,1,2,42161,16,45506,0,2026,8,16,0,9,15,0.21529725,0
1,3,3,1,3,2,42161,24,45506,1,2026,8,16,0,9,16,0.765884,1
1,1,3,2,1,0,42161,16,45506,1,2026,8,16,0,9,17,0.6788399,1
7,1,3,3,2,2,42161,24,13525,0,2026,8,16,0,9,18,0.7956659,1
1,1,2,1,2,0,42161,2,45506,0,2026,8,16,0,9,19,0.13973044,0
7,3,2,2,2,0,42161,16,45506,0,2026,8,16,0,9,20,0.13276681,0
2,1,3,3,1,0,42161,16,45506,0,2026,8,16,0,9,21,0.19459677,0
1,2,1,3,2,2,4804,16,45506,0,2026,8,16,0,9,22,0.034786142,0
7,3,2,2,1,0,42161,24,45506,0,2026,8,16,0,9,23,0.13568588,0
7,3,3,1,3,2,42161,24,45506,0,2026,8,16,0,9,24,0.14838552,0
2,3,3,2,1,2,42161,2,13525,0,2026,8,16,0,9,25,0.051215935,0
1,3,2,3,3,0,42161,24,13525,0,2026,8,16,0,9,26,0.19972743,0
1,2,2,2,1,0,4804,24,45506,0,2026,8,16,0,9,27,0.18807955,0
7,3,2,1,3,0,4804,2,13525,0,2026,8,16,0,9,28,0.12024364,0
1,3,1,3,2,2,4804,16,13525,0,2026,8,16,0,9,29,0.11274523,0
7,1,1,2,3,0,4804,16,45506,1,2026,8,16,0,9,30,0.6057608,1
1,3,3,1,2,2,4804,2,13525,0,2026,8,16,0,9,31,0.070778936,0
7,2,2,3,2,0,4804,16,13525,0,2026,8,16,0,9,32,0.1829419,0
1,2,1,1,3,0,4804,24,13525,0,2026,8,16,0,9,33,0.0969455,0
2,2,2,3,1,2,4804,2,13525,1,2026,8,16,0,9,34,0.6904642,1
1,2,3,2,1,2,4804,2,13525,0,2026,8,16,0,9,35,0.3266307,0
1,3,1,1,1,2,4804,2,13525,0,2026,8,16,0,9,36,0.15885448,0
2,3,1,3,1,2,4804,16,13525,0,2026,8,16,0,9,37,0.09265612,0
1,2,1,1,1,2,4804,2,13525,1,2026,8,16,0,9,38,0.7963356,1
2,2,3,1,2,2,4804,2,45506,1,2026,8,16,0,9,39,0.7874042,1
1,3,2,2,1,0,4804,2,45506,0,2026,8,16,0,9,40,0.04612582,0
7,2,1,1,2,0,4804,16,13525,1,2026,8,16,0,9,41,0.85717255,1
7,1,3,3,2,2,4804,24,13525,1,2026,8,16,0,9,42,0.778048,1
1,2,2,3,2,0,42161,2,45506,1,2026,8,16,0,9,43,0.13747753,0
1,2,3,3,3,2,4804,24,13525,0,2026,8,16,0,9,44,0.11840656,0
1,1,2,3,3,0,42161,16,13525,0,2026,8,16,0,9,45,0.07311284,0
7,1,3,2,2,0,4804,16,45506,0,2026,8,16,0,9,46,0.2190939,0
1,3,2,1,3,2,4804,16,45506,1,2026,8,16,0,9,47,0.8395978,1
7,3,1,2,1,2,42161,16,45506,0,2026,8,16,0,9,48,0.3020952,0
2,1,2,1,1,2,4804,24,13525,0,2026,8,16,0,9,49,0.30419052,0
7,1,3,1,2,0,42161,2,13525,0,2026,8,16,0,9,50,0.1485801,0
7,3,3,1,1,2,42161,16,45506,1,2026,8,16,0,9,51,0.86528426,1
2,2,2,2,2,0,42161,16,45506,1,2026,8,16,0,9,52,0.8104038,1
7,1,1,1,2,2,4804,24,13525,0,2026,8,16,0,9,53,0.15849316,0
1,3,1,2,1,0,4804,24,45506,1,2026,8,16,0,9,54,0.67985135,1
1,2,2,3,3,0,4804,16,13525,0,2026,8,16,0,9,55,0.035858367,0
7,1,2,3,1,2,42161,2,13525,1,2026,8,16,0,9,56,0.54061234,1
1,2,3,1,1,0,42161,2,45506,0,2026,8,16,0,9,57,0.38586938,0
7,3,1,2,2,0,4804,16,45506,0,2026,8,16,0,9,58,0.48196897,0
1,1,2,3,2,2,4804,24,13525,1,2026,8,16,0,9,59,0.6195436,1
