frame.protocols,eth.src,eth.dst,ip.src,ip.dst,ip.flags,ip.checksum,tcp.flags,tcp.checksum,alert,frame.year,frame.month,frame.day,frame.hour,frame.minute,frame.second,attack_probability,anomaly_score,alert_score,final_alert,shap_top_features
7,1,2,1,2,0,4804,24,13525,0,2026,8,16,0,0,0,0.16399667,0.77,0.4064,0,"frame.second (-0.680), frame.protocols (-0.621), tcp.flags (-0.341)"
1,3,1,2,2,0,42161,24,45506,0,2026,8,16,0,0,1,0.11412338,0.6767,0.3391,0,"frame.second (-0.862), eth.src (-0.795), frame.minute (-0.305)"
7,1,2,2,1,0,42161,16,45506,0,2026,8,16,0,0,2,0.33653864,0.6666,0.4686,0,"frame.second (-0.825), frame.protocols (-0.439), eth.dst (+0.277)"
7,3,3,1,3,2,42161,16,13525,0,2026,8,16,0,0,3,0.05557699,0.8414,0.3699,0,"frame.second (-1.390), eth.src (-0.606), eth.dst (-0.478)"
1,1,3,2,1,2,42161,2,13525,0,2026,8,16,0,0,4,0.13701516,0.4998,0.2821,0,"frame.second (-0.817), eth.dst (-0.427), ip.dst (+0.278)"
1,1,1,2,1,2,4804,2,45506,0,2026,8,16,0,0,5,0.30927902,0.7933,0.5029,1,"frame.second (-0.528), ip.dst (+0.399), tcp.flags (-0.381)"
7,2,2,3,3,0,4804,16,45506,0,2026,8,16,0,0,6,0.08151474,0.7006,0.3292,0,"ip.src (-1.170), frame.second (-0.713), ip.dst (-0.277)"
2,2,1,2,3,0,4804,2,45506,1,2026,8,16,0,0,7,0.4711885,0.544,0.5003,1,"ip.dst (-0.402), eth.src (+0.378), frame.second (-0.240)"
7,3,1,2,2,0,42161,16,13525,0,2026,8,16,0,0,8,0.0520048,0.6839,0.3048,0,"frame.second (-1.402), eth.src (-0.760), frame.protocols (-0.323)"
7,2,2,2,3,0,4804,2,13525,1,2026,8,16,0,0,9,0.7019337,0.5702,0.6492,1,"frame.second (+0.520), eth.src (+0.457), frame.protocols (-0.334)"
7,3,2,3,2,0,4804,24,13525,0,2026,8,16,0,0,10,0.3804066,0.6692,0.4959,0,"eth.src (-0.355), frame.protocols (-0.338), frame.minute (-0.331)"
7,2,2,1,2,0,42161,2,13525,0,2026,8,16,0,0,11,0.20895453,0.5469,0.3441,0,"frame.second (-0.678), frame.protocols (-0.655), eth.src (+0.406)"
1,1,3,3,2,0,42161,24,13525,0,2026,8,16,0,0,12,0.20537807,0.5583,0.3466,0,"frame.second (-0.385), frame.minute (-0.376), ip.flags (-0.344)"
7,3,1,3,3,2,4804,24,45506,0,2026,8,16,0,0,13,0.1469456,0.8296,0.42,0,"frame.second (-0.652), ip.checksum (-0.402), eth.src (-0.374)"
2,3,1,1,1,0,42161,24,45506,0,2026,8,16,0,0,14,0.06736152,0.6765,0.311,0,"eth.src (-0.956), frame.minute (-0.419), ip.flags (-0.413)"
1,1,3,3,2,2,42161,24,13525,1,2026,8,16,0,0,15,0.71767974,0.5133,0.6359,1,"frame.second (+0.493), ip.flags (+0.293), frame.minute (-0.217)"
2,3,2,1,1,2,42161,2,13525,1,2026,8,16,0,0,16,0.7288091,0.5053,0.6394,1,"frame.second (+0.923), eth.src (-0.429), tcp.flags (-0.260)"
2,3,3,3,1,0,42161,16,45506,0,2026,8,16,0,0,17,0.3108529,0.4811,0.379,0,"frame.second (+0.430), ip.src (-0.302), frame.minute (-0.286)"
2,2,3,1,3,0,4804,24,45506,0,2026,8,16,0,0,18,0.056890845,0.6491,0.2938,0,"ip.dst (-0.736), eth.dst (-0.536), tcp.flags (-0.452)"
2,3,3,2,1,2,42161,2,45506,1,2026,8,16,0,0,19,0.7614423,0.4366,0.6315,1,"frame.second (+0.921), eth.src (-0.319), frame.minute (+0.289)"
1,1,1,3,1,2,42161,24,45506,0,2026,8,16,0,0,20,0.39315492,0.6422,0.4928,0,"ip.src (-0.757), tcp.flags (+0.564), frame.protocols (-0.317)"
1,2,3,3,3,0,42161,2,13525,1,2026,8,16,0,0,21,0.73590153,0.5528,0.6626,1,"ip.dst (-0.588), frame.second (+0.501), frame.minute (+0.375)"
2,2,1,3,2,0,42161,2,45506,1,2026,8,16,0,0,22,0.709007,0.4512,0.6059,1,"frame.second (+0.911), ip.src (-0.550), frame.minute (+0.314)"
2,1,1,3,1,2,42161,2,13525,1,2026,8,16,0,0,23,0.34984824,0.5758,0.4402,0,"ip.src (-0.716), tcp.flags (-0.372), frame.second (+0.337)"
1,1,1,2,3,0,42161,16,45506,0,2026,8,16,0,0,24,0.20754105,0.5156,0.3308,0,"ip.dst (-0.427), frame.protocols (-0.409), ip.flags (-0.243)"
1,2,2,3,1,0,42161,2,45506,0,2026,8,16,0,0,25,0.20317847,0.4217,0.2906,0,"ip.src (-0.672), tcp.flags (-0.456), frame.second (-0.286)"
1,3,1,2,1,0,42161,2,45506,0,2026,8,16,0,0,26,0.09985521,0.527,0.2707,0,"frame.second (-0.654), eth.src (-0.624), tcp.flags (-0.490)"
7,2,1,2,2,2,4804,16,13525,0,2026,8,16,0,0,27,0.404694,0.4772,0.4337,0,"frame.second (-0.620), eth.src (+0.340), frame.minute (+0.229)"
7,1,2,2,1,2,42161,16,13525,1,2026,8,16,0,0,28,0.7852662,0.5052,0.6732,1,"frame.second (+0.298), frame.minute (+0.292), ip.flags (+0.175)"
7,2,1,2,3,2,4804,2,45506,0,2026,8,16,0,0,29,0.53684634,0.5609,0.5465,1,"frame.second (+0.480), frame.minute (+0.431), tcp.flags (-0.423)"
2,1,3,1,1,0,42161,16,13525,0,2026,8,16,0,0,30,0.39456883,0.4783,0.428,0,"frame.second (+0.510), eth.dst (-0.440), ip.flags (-0.404)"
7,2,3,1,2,0,42161,24,13525,1,2026,8,16,0,0,31,0.47974482,0.5011,0.4883,0,"frame.second (+0.683), eth.dst (-0.497), ip.flags (-0.445)"
2,3,1,3,2,2,42161,24,45506,1,2026,8,16,0,0,32,0.91551477,0.4721,0.7381,1,"frame.second (+0.675), tcp.flags (+0.622), frame.minute (+0.399)"
2,2,2,1,3,2,42161,16,45506,1,2026,8,16,0,0,33,0.885715,0.3925,0.6884,1,"frame.second (+0.496), eth.src (+0.461), ip.dst (-0.408)"
7,2,3,1,2,2,4804,16,13525,1,2026,8,16,0,0,34,0.9150342,0.4988,0.7485,1,"eth.src (+0.463), ip.src (+0.449), tcp.flags (+0.447)"
2,1,2,3,1,0,42161,2,13525,0,2026,8,16,0,0,35,0.06466409,0.5547,0.2607,0,"frame.second (-0.580), ip.src (-0.573), tcp.flags (-0.495)"
7,1,2,3,2,2,42161,16,13525,0,2026,8,16,0,0,36,0.13728335,0.5131,0.2876,0,"ip.src (-1.183), tcp.flags (-0.331), ip.flags (+0.224)"
7,1,3,3,3,2,4804,2,45506,1,2026,8,16,0,0,37,0.4737847,0.9133,0.6496,1,"eth.dst (+0.314), frame.minute (+0.288), ip.flags (+0.254)"
1,2,2,1,2,0,4804,24,45506,0,2026,8,16,0,0,38,0.19113748,0.3794,0.2664,0,"frame.second (-0.518), ip.flags (-0.464), eth.src (+0.327)"
7,3,3,1,2,0,42161,16,13525,0,2026,8,16,0,0,39,0.3867747,0.482,0.4249,0,"tcp.flags (+0.563), ip.flags (-0.396), eth.src (-0.396)"
1,1,2,3,2,0,4804,2,45506,0,2026,8,16,0,0,40,0.039193373,0.5362,0.238,0,"frame.second (-0.799), ip.src (-0.630), tcp.flags (-0.383)"
7,1,3,2,3,2,4804,2,45506,0,2026,8,16,0,0,41,0.2615237,0.8031,0.4781,0,"tcp.flags (-0.556), ip.dst (-0.364), ip.flags (+0.241)"
7,2,1,3,2,0,4804,24,13525,1,2026,8,16,0,0,42,0.7264873,0.6187,0.6834,1,"frame.second (+0.543), tcp.flags (+0.480), ip.src (-0.403)"
1,1,3,2,2,0,42161,16,13525,0,2026,8,16,0,0,43,0.21349731,0.2667,0.2348,0,"frame.minute (-0.379), eth.src (-0.345), ip.flags (-0.319)"
1,3,3,2,1,2,42161,24,45506,0,2026,8,16,0,0,44,0.11553841,0.6378,0.3245,0,"eth.src (-0.804), frame.second (-0.528), frame.minute (-0.324)"
7,3,3,3,3,0,42161,2,45506,0,2026,8,16,0,0,45,0.07042767,0.785,0.3563,0,"tcp.flags (-0.512), frame.second (-0.437), frame.protocols (-0.374)"
2,1,3,3,2,2,4804,2,13525,0,2026,8,16,0,0,46,0.19509825,0.6348,0.371,0,"frame.second (-0.469), ip.src (-0.324), frame.minute (-0.317)"
1,1,2,3,3,2,42161,16,45506,0,2026,8,16,0,0,47,0.104174,0.3997,0.2224,0,"ip.src (-0.963), eth.src (-0.381), ip.dst (-0.347)"
2,2,1,1,2,0,4804,2,45506,0,2026,8,16,0,0,48,0.28926906,0.4536,0.355,0,"frame.minute (-0.645), eth.src (+0.471), ip.flags (-0.350)"
2,3,3,2,2,0,42161,16,13525,1,2026,8,16,0,0,49,0.30033565,0.3539,0.3217,0,"frame.minute (-0.568), tcp.flags (+0.421), eth.src (-0.353)"
2,3,2,1,2,0,42161,24,13525,0,2026,8,16,0,0,50,0.039377704,0.4499,0.2036,0,"eth.src (-0.783), frame.minute (-0.726), frame.second (-0.632)"
1,1,1,1,1,0,4804,16,45506,0,2026,8,16,0,0,51,0.1949076,0.6815,0.3896,0,"frame.minute (-0.856), ip.flags (-0.429), frame.protocols (-0.304)"
2,2,1,3,1,0,42161,16,45506,0,2026,8,16,0,0,52,0.08090047,0.5881,0.2838,0,"ip.src (-1.101), frame.minute (-0.688), frame.second (-0.349)"
1,3,1,1,1,0,4804,2,45506,0,2026,8,16,0,0,53,0.07866705,0.7968,0.3659,0,"frame.minute (-0.785), eth.src (-0.448), ip.flags (-0.421)"
2,3,1,3,3,2,4804,2,13525,0,2026,8,16,0,0,54,0.09084271,0.8445,0.3923,0,"ip.src (-0.804), frame.second (-0.593), ip.dst (-0.428)"
7,2,3,2,3,2,42161,16,45506,1,2026,8,16,0,0,55,0.8207234,0.5998,0.7323,1,"ip.flags (+0.583), tcp.flags (+0.326), ip.src (+0.284)"
7,2,3,3,1,0,4804,2,45506,0,2026,8,16,0,0,56,0.05865021,0.9837,0.4287,0,"frame.second (-1.101), ip.src (-0.692), frame.minute (-0.535)"
1,3,2,1,3,2,42161,2,13525,1,2026,8,16,0,0,57,0.70497173,0.7405,0.7192,1,"ip.flags (+0.515), ip.dst (-0.448), ip.src (+0.429)"
7,3,2,1,2,0,42161,2,13525,0,2026,8,16,0,0,58,0.18185388,0.7047,0.391,0,"ip.flags (-0.534), frame.minute (-0.398), tcp.flags (-0.387)"
7,2,2,3,2,2,4804,16,45506,0,2026,8,16,0,0,59,0.13005039,0.5872,0.3129,0,"ip.src (-1.412), ip.flags (+0.260), tcp.flags (-0.216)"
2,3,1,3,2,2,42161,2,13525,0,2026,8,16,0,1,0,0.13008122,0.8295,0.4099,0,"frame.second (-0.661), eth.src (-0.439), ip.src (-0.405)"
1,1,1,1,1,2,4804,16,13525,1,2026,8,16,0,1,1,0.7213304,0.6169,0.6795,1,"ip.src (+0.728), ip.dst (+0.419), frame.second (-0.410)"
2,1,3,2,3,0,42161,2,45506,0,2026,8,16,0,1,2,0.09360154,0.7746,0.366,0,"ip.dst (-0.725), frame.second (-0.690), eth.dst (-0.499)"
2,2,1,2,1,2,42161,24,13525,0,2026,8,16,0,1,3,0.41401792,0.4555,0.4306,0,"frame.second (-1.010), eth.src (+0.238), tcp.flags (+0.189)"
2,2,1,3,3,0,42161,2,13525,0,2026,8,16,0,1,4,0.12448222,0.7214,0.3633,0,"ip.src (-0.778), ip.dst (-0.486), frame.second (-0.445)"
2,2,1,2,2,2,42161,2,45506,0,2026,8,16,0,1,5,0.2914665,0.4174,0.3419,0,"frame.second (-0.937), tcp.flags (-0.540), frame.minute (+0.472)"
2,1,2,1,1,2,42161,16,13525,0,2026,8,16,0,1,6,0.44939128,0.391,0.426,0,"frame.second (-0.680), ip.src (+0.430), ip.dst (+0.286)"
2,3,2,3,3,2,4804,16,45506,0,2026,8,16,0,1,7,0.04616634,0.6185,0.2751,0,"frame.second (-1.226), ip.src (-0.694), ip.dst (-0.429)"
2,1,3,1,3,2,4804,2,45506,0,2026,8,16,0,1,8,0.08584947,0.8267,0.3822,0,"frame.second (-0.721), ip.dst (-0.610), eth.dst (-0.455)"
1,3,1,1,2,2,4804,24,13525,0,2026,8,16,0,1,9,0.12026835,0.5859,0.3065,0,"eth.src (-1.138), frame.second (-0.514), ip.checksum (-0.272)"
7,1,1,2,1,0,4804,2,13525,0,2026,8,16,0,1,10,0.22230646,0.5694,0.3612,0,"frame.protocols (-0.850), tcp.flags (-0.431), ip.dst (+0.139)"
2,3,3,3,1,0,4804,2,13525,1,2026,8,16,0,1,11,0.8060206,0.7777,0.7947,1,"eth.src (-0.465), ip.src (+0.361), ip.dst (+0.330)"
2,1,1,3,1,2,4804,24,45506,1,2026,8,16,0,1,12,0.6972766,0.7157,0.7046,1,"tcp.flags (+0.642), ip.src (-0.566), frame.minute (+0.480)"
2,2,1,2,2,2,42161,16,13525,1,2026,8,16,0,1,13,0.70979655,0.1679,0.4931,0,"eth.src (+0.430), frame.second (-0.385), frame.minute (+0.384)"
2,1,2,1,1,2,42161,2,45506,0,2026,8,16,0,1,14,0.19832838,0.476,0.3094,0,"tcp.flags (-0.791), frame.second (-0.468), ip.flags (-0.203)"
2,3,3,1,2,2,4804,16,13525,0,2026,8,16,0,1,15,0.20623752,0.4793,0.3155,0,"eth.src (-0.735), eth.dst (-0.506), ip.dst (+0.153)"
2,1,3,1,2,0,4804,16,13525,0,2026,8,16,0,1,16,0.6702575,0.4633,0.5875,1,"frame.second (+0.726), eth.dst (-0.446), ip.src (+0.186)"
7,1,3,1,2,2,42161,24,13525,0,2026,8,16,0,1,17,0.54694694,0.4918,0.5249,1,"eth.dst (-0.415), frame.protocols (-0.401), frame.second (+0.324)"
7,1,3,3,3,0,42161,24,45506,0,2026,8,16,0,1,18,0.23967199,0.7735,0.4532,0,"ip.dst (-0.559), eth.dst (-0.443), ip.flags (-0.386)"
2,2,2,3,1,2,42161,16,13525,0,2026,8,16,0,1,19,0.22428781,0.2246,0.2244,0,"ip.src (-1.101), tcp.flags (-0.409), frame.second (+0.303)"
7,1,2,2,1,0,4804,2,13525,0,2026,8,16,0,1,20,0.27745017,0.4576,0.3495,0,"tcp.flags (-0.581), frame.protocols (-0.450), ip.dst (+0.314)"
1,2,1,2,2,2,4804,16,45506,0,2026,8,16,0,1,21,0.6485368,0.2505,0.4893,0,"frame.minute (+0.714), frame.protocols (-0.408), eth.src (+0.283)"
2,2,1,3,2,2,4804,2,45506,1,2026,8,16,0,1,22,0.6831852,0.3334,0.5433,1,"frame.minute (+0.778), frame.second (+0.699), ip.src (-0.662)"
1,1,1,3,1,0,42161,2,13525,0,2026,8,16,0,1,23,0.18901967,0.6125,0.3584,0,"ip.src (-0.530), eth.dst (-0.436), tcp.flags (-0.431)"
1,1,1,1,2,2,42161,24,13525,0,2026,8,16,0,1,24,0.93879277,0.3145,0.6891,1,"tcp.flags (+0.795), frame.minute (+0.518), frame.second (+0.476)"
2,1,2,1,1,2,4804,2,13525,0,2026,8,16,0,1,25,0.32012203,0.4,0.3521,0,"tcp.flags (-0.836), frame.second (-0.368), ip.dst (+0.351)"
7,3,3,2,3,2,4804,2,45506,0,2026,8,16,0,1,26,0.17908335,0.6186,0.3549,0,"frame.second (-0.727), ip.dst (-0.501), frame.minute (+0.450)"
1,1,2,3,2,0,42161,16,45506,0,2026,8,16,0,1,27,0.14661875,0.2783,0.1993,0,"ip.src (-0.886), frame.second (-0.599), tcp.flags (-0.487)"
2,2,1,2,1,2,42161,24,45506,1,2026,8,16,0,1,28,0.9438397,0.3114,0.6909,1,"frame.minute (+0.737), tcp.flags (+0.536), frame.second (+0.509)"
1,1,2,3,2,2,42161,2,45506,1,2026,8,16,0,1,29,0.72586495,0.2736,0.545,1,"frame.second (+0.897), frame.minute (+0.673), ip.src (-0.456)"
1,3,3,1,1,0,42161,2,13525,0,2026,8,16,0,1,30,0.17629538,0.5649,0.3317,0,"eth.src (-0.700), tcp.flags (-0.365), eth.dst (-0.330)"
1,1,3,2,1,0,4804,24,45506,1,2026,8,16,0,1,31,0.84430736,0.4208,0.6749,1,"frame.minute (+0.575), ip.dst (+0.522), frame.second (+0.472)"
1,3,2,2,2,0,42161,16,45506,1,2026,8,16,0,1,32,0.81876326,0.1421,0.5481,1,"frame.minute (+0.537), eth.src (-0.384), tcp.flags (+0.317)"
7,3,2,3,3,2,42161,24,45506,1,2026,8,16,0,1,33,0.87046623,0.6427,0.7794,1,"tcp.flags (+0.712), frame.minute (+0.465), ip.checksum (+0.384)"
1,1,2,1,1,2,42161,24,13525,1,2026,8,16,0,1,34,0.9233103,0.3692,0.7017,1,"tcp.flags (+0.529), eth.src (+0.348), frame.minute (+0.334)"
1,2,1,2,1,2,4804,2,13525,0,2026,8,16,0,1,35,0.28344694,0.4643,0.3558,0,"tcp.flags (-0.513), frame.second (-0.476), eth.src (+0.390)"
1,3,2,1,1,0,4804,2,45506,0,2026,8,16,0,1,36,0.08864442,0.4533,0.2345,0,"frame.second (-1.114), eth.src (-0.784), tcp.flags (-0.515)"
7,1,2,2,3,2,42161,16,45506,0,2026,8,16,0,1,37,0.6471029,0.3958,0.5466,1,"frame.minute (+0.371), tcp.flags (+0.295), ip.dst (-0.199)"
1,1,2,1,3,2,42161,2,13525,0,2026,8,16,0,1,38,0.14210293,0.5524,0.3062,0,"tcp.flags (-0.971), ip.dst (-0.678), frame.second (-0.263)"
1,2,3,3,2,0,42161,2,13525,1,2026,8,16,0,1,39,0.6959156,0.3944,0.5753,1,"eth.dst (+0.466), eth.src (+0.401), frame.minute (+0.291)"
7,3,3,2,3,0,4804,24,13525,0,2026,8,16,0,1,40,0.087637275,0.7214,0.3412,0,"eth.src (-0.547), eth.dst (-0.360), ip.dst (-0.351)"
7,3,1,2,2,0,4804,2,13525,1,2026,8,16,0,1,41,0.16305497,0.4333,0.2712,0,"tcp.flags (-0.661), eth.src (-0.579), frame.second (-0.198)"
7,1,1,1,2,0,4804,16,13525,1,2026,8,16,0,1,42,0.8687926,0.4815,0.7139,1,"ip.src (+0.674), tcp.flags (+0.422), frame.second (+0.361)"
1,1,3,1,3,0,42161,24,13525,1,2026,8,16,0,1,43,0.6504033,0.5292,0.6019,1,"tcp.flags (+0.446), frame.second (+0.384), ip.flags (-0.358)"
7,2,3,2,2,2,4804,16,13525,1,2026,8,16,0,1,44,0.8573244,0.4185,0.6818,1,"eth.src (+0.525), frame.second (+0.427), tcp.flags (+0.342)"
7,2,3,3,3,0,42161,24,13525,0,2026,8,16,0,1,45,0.13347937,0.6407,0.3364,0,"frame.protocols (-0.467), ip.dst (-0.431), ip.flags (-0.329)"
1,3,2,1,2,2,42161,2,45506,0,2026,8,16,0,1,46,0.22614661,0.4638,0.3212,0,"tcp.flags (-0.650), eth.src (-0.549), frame.second (-0.344)"
7,3,2,1,3,2,42161,24,45506,0,2026,8,16,0,1,47,0.18257017,0.7374,0.4045,0,"eth.src (-0.606), frame.protocols (-0.364), frame.second (-0.315)"
1,1,3,1,3,0,4804,24,45506,0,2026,8,16,0,1,48,0.18474728,0.6113,0.3554,0,"ip.dst (-0.766), ip.flags (-0.288), eth.dst (-0.280)"
2,3,2,2,2,0,42161,2,45506,0,2026,8,16,0,1,49,0.36615172,0.2334,0.313,0,"eth.src (-0.609), tcp.flags (-0.463), ip.src (+0.261)"
7,2,2,2,1,0,4804,2,45506,0,2026,8,16,0,1,50,0.7742787,0.3847,0.6184,1,"frame.second (+0.451), eth.src (+0.383), ip.dst (+0.362)"
2,2,1,2,2,2,4804,16,45506,1,2026,8,16,0,1,51,0.9334234,0.2487,0.6595,1,"frame.minute (+0.600), frame.second (+0.532), eth.src (+0.385)"
1,1,3,2,3,0,42161,16,13525,0,2026,8,16,0,1,52,0.09789456,0.4236,0.2282,0,"ip.dst (-0.760), eth.src (-0.373), frame.second (-0.351)"
7,2,3,3,1,0,42161,2,13525,0,2026,8,16,0,1,53,0.09305236,0.7205,0.344,0,"frame.second (-0.791), ip.src (-0.416), frame.protocols (-0.402)"
1,2,2,3,2,0,4804,2,45506,0,2026,8,16,0,1,54,0.06300569,0.3661,0.1842,0,"frame.second (-1.215), ip.src (-0.816), tcp.flags (-0.324)"
2,2,3,2,2,0,42161,2,45506,0,2026,8,16,0,1,55,0.08705811,0.2819,0.165,0,"frame.second (-1.446), ip.flags (-0.532), tcp.flags (-0.360)"
1,2,1,3,2,0,4804,24,13525,0,2026,8,16,0,1,56,0.078718394,0.4937,0.2447,0,"frame.second (-1.108), ip.src (-0.781), ip.flags (-0.468)"
7,1,1,1,1,2,42161,24,13525,1,2026,8,16,0,1,57,0.8185149,0.7933,0.8084,1,"ip.flags (+0.488), frame.protocols (-0.323), ip.src (+0.309)"
7,1,1,1,3,2,4804,24,13525,0,2026,8,16,0,1,58,0.6047281,0.8804,0.715,1,"ip.dst (-0.589), ip.src (+0.304), ip.flags (+0.302)"
2,3,3,1,2,2,4804,2,45506,1,2026,8,16,0,1,59,0.77714956,0.7056,0.7485,1,"frame.second (+0.574), frame.minute (+0.418), ip.flags (+0.396)"
1,2,3,2,2,0,4804,16,13525,0,2026,8,16,0,2,0,0.200955,0.5123,0.3255,0,"frame.second (-0.948), eth.dst (-0.356), eth.src (+0.235)"
7,3,3,1,2,0,4804,2,45506,1,2026,8,16,0,2,1,0.62008214,0.8279,0.7032,1,"frame.minute (+0.503), eth.src (-0.438), ip.src (+0.363)"
2,1,3,3,2,0,42161,24,45506,0,2026,8,16,0,2,2,0.087460846,0.6126,0.2975,0,"frame.second (-1.192), eth.dst (-0.494), ip.src (-0.253)"
7,1,3,2,2,2,42161,24,13525,0,2026,8,16,0,2,3,0.053148348,0.5247,0.2418,0,"frame.second (-1.476), frame.protocols (-0.755), eth.dst (-0.471)"
7,1,1,3,3,0,4804,2,13525,0,2026,8,16,0,2,4,0.053721584,0.8079,0.3554,0,"ip.src (-0.862), frame.second (-0.726), frame.protocols (-0.472)"
1,1,2,1,3,0,4804,2,45506,1,2026,8,16,0,2,5,0.8057574,0.6659,0.7498,1,"frame.second (+0.825), ip.dst (-0.718), ip.src (+0.619)"
7,1,1,1,2,0,42161,24,13525,0,2026,8,16,0,2,6,0.12661123,0.6105,0.3202,0,"frame.protocols (-0.993), frame.second (-0.881), ip.src (+0.235)"
1,1,3,1,1,2,42161,24,13525,0,2026,8,16,0,2,7,0.16934192,0.5667,0.3283,0,"frame.second (-1.224), eth.dst (-0.800), eth.src (+0.286)"
7,1,1,2,3,0,42161,24,45506,1,2026,8,16,0,2,8,0.51058584,0.5988,0.5459,1,"frame.protocols (-0.561), frame.second (-0.428), eth.dst (+0.255)"
2,2,3,3,1,2,42161,2,13525,1,2026,8,16,0,2,9,0.8083546,0.4019,0.6458,1,"eth.dst (+0.458), ip.flags (-0.397), eth.src (+0.320)"
7,3,3,2,3,0,42161,24,45506,0,2026,8,16,0,2,10,0.07694827,0.4738,0.2357,0,"eth.src (-0.658), eth.dst (-0.548), frame.protocols (-0.439)"
1,1,1,2,2,2,42161,24,45506,1,2026,8,16,0,2,11,0.871801,0.3878,0.6782,1,"tcp.flags (+0.718), frame.minute (+0.377), eth.src (+0.227)"
1,2,3,1,3,2,4804,16,13525,0,2026,8,16,0,2,12,0.08775303,0.5546,0.2745,0,"frame.second (-0.768), ip.dst (-0.698), eth.dst (-0.651)"
2,2,2,2,2,2,42161,2,45506,0,2026,8,16,0,2,13,0.2104452,0.1448,0.1842,0,"tcp.flags (-0.800), frame.second (-0.710), eth.src (+0.316)"
7,3,3,2,3,0,42161,16,45506,0,2026,8,16,0,2,14,0.1009195,0.3329,0.1937,0,"eth.src (-0.563), eth.dst (-0.485), frame.second (-0.381)"
7,1,2,1,2,0,4804,16,13525,1,2026,8,16,0,2,15,0.8739302,0.3216,0.653,1,"ip.src (+0.552), frame.second (+0.498), tcp.flags (+0.412)"
2,3,2,2,2,2,42161,24,13525,1,2026,8,16,0,2,16,0.89570457,0.1741,0.6071,1,"frame.second (+1.254), eth.src (-0.518), tcp.flags (+0.481)"
7,1,3,1,2,2,42161,2,13525,0,2026,8,16,0,2,17,0.39085975,0.5233,0.4438,0,"frame.second (+0.567), tcp.flags (-0.415), frame.protocols (-0.351)"
7,2,1,1,2,0,42161,24,45506,0,2026,8,16,0,2,18,0.46057546,0.4345,0.4502,0,"frame.second (+0.473), frame.protocols (-0.422), ip.flags (-0.312)"
1,2,2,1,1,0,42161,2,45506,0,2026,8,16,0,2,19,0.8225695,0.3775,0.6445,1,"ip.dst (+0.519), frame.second (+0.426), tcp.flags (-0.415)"
7,2,1,1,2,2,42161,16,13525,1,2026,8,16,0,2,20,0.79869443,0.4822,0.6721,1,"ip.src (+0.659), eth.src (+0.363), tcp.flags (+0.165)"
7,2,2,2,1,0,4804,2,45506,1,2026,8,16,0,2,21,0.7837827,0.2301,0.5623,1,"frame.second (+0.492), ip.dst (+0.469), tcp.flags (-0.426)"
2,3,3,1,1,0,42161,24,13525,0,2026,8,16,0,2,22,0.19958043,0.4025,0.2808,0,"eth.src (-1.085), frame.second (+0.784), eth.dst (-0.559)"
2,1,3,1,2,0,4804,24,13525,1,2026,8,16,0,2,23,0.8672348,0.3986,0.6798,1,"frame.second (+0.897), frame.minute (+0.419), tcp.flags (+0.390)"
1,1,2,2,1,0,4804,24,45506,1,2026,8,16,0,2,24,0.95127076,0.2976,0.6898,1,"frame.minute (+0.648), tcp.flags (+0.597), ip.dst (+0.596)"
7,3,3,2,3,2,42161,2,13525,0,2026,8,16,0,2,25,0.05828208,0.5962,0.2735,0,"tcp.flags (-0.718), eth.src (-0.550), ip.dst (-0.538)"
7,1,2,3,2,0,4804,16,45506,0,2026,8,16,0,2,26,0.04561145,0.4318,0.2001,0,"ip.src (-1.168), frame.second (-0.768), tcp.flags (-0.389)"
7,2,3,2,1,0,42161,16,45506,0,2026,8,16,0,2,27,0.2818729,0.2948,0.287,0,"frame.second (-0.693), frame.protocols (-0.522), eth.src (+0.327)"
1,1,1,2,2,2,4804,2,13525,0,2026,8,16,0,2,28,0.18213025,0.3567,0.2519,0,"tcp.flags (-0.605), frame.protocols (-0.232), ip.checksum (-0.217)"
1,2,3,3,2,2,4804,24,45506,0,2026,8,16,0,2,29,0.30294397,0.4544,0.3635,0,"ip.src (-0.581), ip.checksum (-0.483), frame.protocols (-0.324)"
2,3,1,2,2,0,42161,16,13525,0,2026,8,16,0,2,30,0.26582032,0.2864,0.274,0,"eth.src (-0.779), ip.flags (-0.153), ip.dst (+0.146)"
1,1,3,2,1,0,42161,24,45506,1,2026,8,16,0,2,31,0.88658357,0.2705,0.6401,1,"frame.second (+0.531), frame.minute (+0.415), ip.dst (+0.404)"
7,3,1,2,3,0,42161,2,45506,0,2026,8,16,0,2,32,0.07066723,0.5428,0.2595,0,"tcp.flags (-0.869), eth.src (-0.584), frame.protocols (-0.327)"
7,1,3,2,3,0,42161,24,45506,0,2026,8,16,0,2,33,0.11674518,0.5018,0.2707,0,"frame.protocols (-0.637), eth.dst (-0.548), ip.flags (-0.450)"
1,2,1,3,1,2,42161,16,13525,0,2026,8,16,0,2,34,0.13113122,0.3813,0.2312,0,"ip.src (-1.217), eth.dst (-0.483), tcp.flags (-0.318)"
7,3,2,2,2,2,4804,16,45506,0,2026,8,16,0,2,35,0.33906338,0.2501,0.3035,0,"frame.second (-0.478), eth.src (-0.464), tcp.flags (+0.380)"
7,1,2,2,1,2,4804,24,13525,0,2026,8,16,0,2,36,0.18309626,0.4656,0.2961,0,"frame.protocols (-0.756), frame.second (-0.737), ip.checksum (-0.187)"
1,2,1,3,1,0,4804,2,45506,0,2026,8,16,0,2,37,0.071049795,0.512,0.2474,0,"frame.second (-0.987), ip.src (-0.762), eth.dst (-0.404)"
1,3,3,1,1,0,4804,24,45506,0,2026,8,16,0,2,38,0.0487543,0.476,0.2197,0,"eth.src (-0.976), frame.second (-0.868), tcp.flags (-0.386)"
7,3,1,3,2,0,4804,2,13525,0,2026,8,16,0,2,39,0.07297776,0.5257,0.2541,0,"tcp.flags (-0.536), frame.second (-0.530), ip.src (-0.516)"
7,1,3,1,1,0,4804,24,13525,0,2026,8,16,0,2,40,0.11452162,0.591,0.3051,0,"frame.protocols (-0.613), frame.second (-0.600), eth.dst (-0.395)"
7,1,2,3,2,2,4804,16,13525,0,2026,8,16,0,2,41,0.06294917,0.3379,0.1729,0,"ip.src (-1.227), tcp.flags (-0.365), eth.src (-0.277)"
2,1,3,3,1,2,42161,2,13525,1,2026,8,16,0,2,42,0.7395897,0.3746,0.5936,1,"eth.dst (+0.518), ip.dst (+0.310), tcp.flags (-0.250)"
2,2,2,2,3,0,42161,2,13525,0,2026,8,16,0,2,43,0.23394662,0.3474,0.2793,0,"ip.dst (-0.737), tcp.flags (-0.717), eth.src (+0.528)"
2,1,3,1,1,2,4804,2,45506,0,2026,8,16,0,2,44,0.36377123,0.5155,0.4244,0,"tcp.flags (-0.482), ip.dst (+0.324), eth.dst (-0.252)"
1,3,3,2,1,0,4804,16,45506,1,2026,8,16,0,2,45,0.6867068,0.318,0.5392,1,"eth.src (-0.543), tcp.flags (+0.380), frame.second (+0.298)"
2,3,3,1,3,0,42161,24,13525,0,2026,8,16,0,2,46,0.05472837,0.5086,0.2363,0,"eth.src (-0.840), eth.dst (-0.412), tcp.flags (-0.327)"
1,1,1,3,2,2,42161,16,45506,0,2026,8,16,0,2,47,0.1464056,0.2951,0.2059,0,"ip.src (-1.009), tcp.flags (-0.398), ip.flags (-0.327)"
1,1,1,3,2,0,42161,2,45506,1,2026,8,16,0,2,48,0.5365702,0.4642,0.5076,1,"frame.second (+0.535), ip.src (-0.447), tcp.flags (-0.216)"
2,3,2,1,1,0,42161,24,45506,0,2026,8,16,0,2,49,0.084115304,0.4431,0.2277,0,"eth.src (-0.906), tcp.flags (-0.538), frame.second (-0.358)"
2,2,2,2,3,2,4804,16,13525,0,2026,8,16,0,2,50,0.27110735,0.3419,0.2994,0,"ip.dst (-0.893), eth.src (+0.336), ip.flags (-0.261)"
2,1,1,2,2,0,42161,2,45506,1,2026,8,16,0,2,51,0.6765299,0.2574,0.5089,1,"frame.second (+0.423), ip.src (+0.373), tcp.flags (-0.334)"
7,1,2,2,1,0,4804,2,45506,1,2026,8,16,0,2,52,0.8679258,0.5287,0.7323,1,"frame.second (+0.629), ip.dst (+0.505), ip.src (+0.384)"
2,3,1,2,3,2,4804,16,45506,1,2026,8,16,0,2,53,0.6339357,0.428,0.5516,1,"ip.dst (-0.528), tcp.flags (+0.395), ip.src (+0.267)"
7,1,3,3,2,0,4804,16,13525,0,2026,8,16,0,2,54,0.11367097,0.6478,0.3273,0,"ip.src (-0.739), frame.second (-0.731), eth.src (-0.252)"
1,2,2,3,2,2,42161,16,45506,0,2026,8,16,0,2,55,0.11388519,0.2595,0.1721,0,"ip.src (-1.136), frame.second (-0.825), tcp.flags (-0.227)"
7,3,2,3,3,0,42161,2,45506,0,2026,8,16,0,2,56,0.023558224,0.6946,0.292,0,"frame.second (-0.897), tcp.flags (-0.735), ip.src (-0.601)"
2,1,1,3,3,2,4804,16,13525,0,2026,8,16,0,2,57,0.022809152,0.6668,0.2804,0,"ip.src (-1.234), ip.dst (-0.748), frame.second (-0.591)"
1,3,2,3,3,2,4804,2,13525,0,2026,8,16,0,2,58,0.09666565,0.7221,0.3468,0,"ip.src (-0.827), ip.dst (-0.666), tcp.flags (-0.414)"
1,1,2,2,3,2,4804,16,45506,0,2026,8,16,0,2,59,0.14555441,0.4615,0.2719,0,"ip.dst (-0.907), frame.protocols (-0.355), eth.src (-0.296)"
1,1,3,2,1,0,42161,2,45506,1,2026,8,16,0,3,0,0.7765914,0.5206,0.6742,1,"ip.dst (+0.549), frame.minute (+0.315), eth.dst (-0.243)"
7,1,2,2,3,2,4804,2,13525,0,2026,8,16,0,3,1,0.03853098,0.6937,0.3006,0,"frame.second (-0.927), ip.dst (-0.556), tcp.flags (-0.489)"
2,2,3,2,2,2,42161,24,13525,0,2026,8,16,0,3,2,0.07868584,0.3413,0.1837,0,"frame.second (-1.897), eth.dst (-0.628), frame.minute (-0.238)"
1,2,1,3,2,2,4804,16,13525,0,2026,8,16,0,3,3,0.016527401,0.4512,0.1904,0,"ip.src (-1.208), frame.second (-0.888), tcp.flags (-0.414)"
1,3,2,3,1,2,4804,16,13525,0,2026,8,16,0,3,4,0.06597532,0.5634,0.2649,0,"frame.second (-0.938), ip.src (-0.646), eth.src (-0.460)"
1,1,3,3,2,2,4804,2,13525,0,2026,8,16,0,3,5,0.15775897,0.7334,0.388,0,"frame.second (-0.806), ip.flags (-0.456), ip.checksum (-0.325)"
7,1,1,1,2,0,42161,2,13525,0,2026,8,16,0,3,6,0.112106316,0.6041,0.3089,0,"frame.protocols (-0.987), frame.second (-0.555), tcp.flags (-0.368)"
7,2,2,2,3,0,42161,2,13525,0,2026,8,16,0,3,7,0.096908525,0.5042,0.2598,0,"frame.protocols (-0.678), frame.second (-0.644), tcp.flags (-0.571)"
2,1,1,2,2,0,4804,24,45506,0,2026,8,16,0,3,8,0.33669814,0.4055,0.3642,0,"frame.second (-0.739), eth.src (+0.287), ip.checksum (-0.259)"
7,2,2,3,1,0,42161,24,13525,1,2026,8,16,0,3,9,0.8437886,0.588,0.7415,1,"tcp.flags (+0.599), frame.protocols (-0.536), frame.second (+0.419)"
1,1,1,2,3,0,4804,2,13525,1,2026,8,16,0,3,10,0.64371115,0.4973,0.5851,1,"frame.second (+0.859), ip.dst (-0.571), tcp.flags (-0.280)"
2,3,1,2,3,0,42161,16,45506,0,2026,8,16,0,3,11,0.12424568,0.3028,0.1957,0,"eth.src (-0.833), frame.second (-0.785), ip.dst (-0.309)"
1,1,3,3,1,0,42161,16,13525,0,2026,8,16,0,3,12,0.7519725,0.4968,0.6499,1,"ip.dst (+0.413), eth.dst (+0.341), frame.minute (+0.292)"
1,1,1,1,3,2,42161,24,13525,1,2026,8,16,0,3,13,0.8596275,0.4718,0.7045,1,"tcp.flags (+0.639), ip.src (+0.287), ip.checksum (+0.279)"
7,2,2,1,3,0,4804,24,45506,1,2026,8,16,0,3,14,0.64510006,0.5146,0.5929,1,"eth.src (+0.384), frame.minute (+0.314), eth.dst (+0.265)"
2,1,2,1,1,2,42161,2,13525,0,2026,8,16,0,3,15,0.358448,0.3012,0.3356,0,"tcp.flags (-0.677), ip.flags (-0.203), ip.dst (+0.169)"
7,1,3,3,3,2,42161,16,45506,1,2026,8,16,0,3,16,0.452926,0.6733,0.5411,1,"frame.second (+0.708), ip.src (-0.524), ip.dst (-0.297)"
7,2,2,2,1,0,4804,2,45506,0,2026,8,16,0,3,17,0.50006366,0.2683,0.4074,0,"frame.protocols (-0.580), tcp.flags (-0.451), ip.dst (+0.399)"
2,3,2,3,1,2,4804,24,45506,1,2026,8,16,0,3,18,0.75135183,0.3529,0.592,1,"frame.second (+0.671), tcp.flags (+0.563), frame.minute (+0.371)"
1,3,2,3,2,2,4804,16,45506,1,2026,8,16,0,3,19,0.4339348,0.2518,0.3611,0,"ip.src (-0.849), frame.second (+0.685), ip.checksum (-0.397)"
1,2,1,2,2,2,4804,16,13525,0,2026,8,16,0,3,20,0.19999155,0.1394,0.1758,0,"frame.protocols (-0.407), ip.checksum (-0.272), tcp.flags (-0.265)"
2,2,1,1,3,2,42161,24,45506,1,2026,8,16,0,3,21,0.9318868,0.3675,0.7061,1,"frame.second (+0.659), tcp.flags (+0.658), ip.dst (-0.488)"
1,2,2,1,3,0,42161,2,45506,0,2026,8,16,0,3,22,0.1859839,0.3732,0.2609,0,"ip.dst (-1.126), tcp.flags (-0.830), eth.src (+0.301)"
2,2,3,3,1,0,42161,2,13525,1,2026,8,16,0,3,23,0.9117032,0.3129,0.6722,1,"frame.second (+0.569), eth.dst (+0.449), ip.dst (+0.439)"
2,2,1,1,3,0,42161,16,45506,0,2026,8,16,0,3,24,0.5329559,0.2619,0.4245,0,"ip.dst (-0.669), eth.src (+0.437), ip.src (+0.333)"
7,3,3,3,1,0,42161,24,45506,1,2026,8,16,0,3,25,0.82265925,0.5562,0.7161,1,"frame.second (+0.539), tcp.flags (+0.514), frame.minute (+0.482)"
2,3,2,3,1,0,4804,16,45506,0,2026,8,16,0,3,26,0.099569164,0.3146,0.1856,0,"frame.second (-0.797), ip.src (-0.746), eth.src (-0.492)"
7,2,2,2,3,0,42161,24,45506,0,2026,8,16,0,3,27,0.31964242,0.202,0.2726,0,"frame.protocols (-0.557), ip.dst (-0.526), frame.second (-0.487)"
1,1,1,2,1,0,42161,2,13525,0,2026,8,16,0,3,28,0.27851254,0.3713,0.3156,0,"tcp.flags (-0.602), ip.dst (+0.261), eth.dst (-0.237)"
1,2,2,2,2,0,42161,24,45506,1,2026,8,16,0,3,29,0.91135675,0.0947,0.5847,1,"frame.second (+0.618), frame.minute (+0.420), eth.dst (+0.370)"
1,1,1,3,3,0,4804,2,13525,1,2026,8,16,0,3,30,0.119097516,0.6031,0.3127,0,"ip.dst (-0.686), ip.src (-0.537), tcp.flags (-0.306)"
1,2,2,2,2,0,4804,24,13525,1,2026,8,16,0,3,31,0.8492926,0.1344,0.5633,1,"frame.second (+0.416), eth.dst (+0.392), frame.minute (+0.375)"
7,2,2,1,3,2,42161,16,45506,1,2026,8,16,0,3,32,0.70679456,0.3472,0.563,1,"ip.src (+0.418), tcp.flags (+0.383), eth.src (+0.360)"
1,3,1,1,1,0,4804,2,45506,0,2026,8,16,0,3,33,0.09603714,0.4728,0.2467,0,"eth.src (-0.874), frame.second (-0.654), tcp.flags (-0.529)"
2,1,1,3,3,2,4804,16,45506,0,2026,8,16,0,3,34,0.063955,0.3841,0.192,0,"ip.src (-1.208), ip.dst (-0.594), tcp.flags (-0.311)"
2,1,1,3,2,2,4804,16,45506,0,2026,8,16,0,3,35,0.09635314,0.2671,0.1647,0,"ip.src (-1.276), tcp.flags (-0.429), ip.checksum (-0.221)"
2,3,2,2,1,2,4804,2,13525,0,2026,8,16,0,3,36,0.060805134,0.2582,0.1397,0,"eth.src (-0.962), frame.second (-0.814), tcp.flags (-0.591)"
7,3,2,3,3,2,4804,2,13525,0,2026,8,16,0,3,37,0.056749023,0.6595,0.2978,0,"tcp.flags (-0.658), frame.second (-0.493), ip.src (-0.434)"
1,3,3,3,3,0,4804,16,13525,0,2026,8,16,0,3,38,0.26943746,0.6261,0.4121,0,"ip.dst (-0.425), ip.checksum (-0.327), eth.dst (+0.245)"
1,3,1,1,3,2,4804,16,45506,0,2026,8,16,0,3,39,0.3091328,0.4554,0.3677,0,"ip.dst (-0.582), ip.src (+0.465), tcp.flags (+0.405)"
1,1,2,1,2,0,42161,16,13525,0,2026,8,16,0,3,40,0.27054778,0.2469,0.2611,0,"frame.second (-0.645), eth.src (-0.373), ip.src (+0.364)"
7,1,2,2,2,0,42161,16,45506,0,2026,8,16,0,3,41,0.15705128,0.2096,0.1781,0,"frame.second (-0.587), frame.protocols (-0.494), eth.src (-0.361)"
2,2,1,3,3,2,4804,2,45506,0,2026,8,16,0,3,42,0.1070331,0.4587,0.2477,0,"ip.src (-0.812), ip.dst (-0.786), tcp.flags (-0.550)"
2,2,3,3,1,0,42161,2,45506,1,2026,8,16,0,3,43,0.76951134,0.3247,0.5916,1,"eth.src (+0.468), eth.dst (+0.405), frame.minute (+0.360)"
1,3,1,1,1,2,42161,16,45506,1,2026,8,16,0,3,44,0.71753407,0.5775,0.6615,1,"ip.src (+0.582), eth.src (-0.492), tcp.flags (+0.390)"
2,3,3,3,2,2,4804,24,45506,1,2026,8,16,0,3,45,0.72930664,0.5482,0.6569,1,"eth.src (-0.413), frame.minute (+0.380), frame.second (+0.282)"
2,3,2,1,1,0,42161,24,13525,0,2026,8,16,0,3,46,0.08009992,0.3629,0.1932,0,"eth.src (-0.993), frame.second (-0.640), tcp.flags (-0.413)"
7,2,3,2,2,0,4804,2,13525,0,2026,8,16,0,3,47,0.54221904,0.4085,0.4887,0,"frame.protocols (-0.626), frame.second (+0.586), eth.src (+0.432)"
7,2,2,1,3,2,4804,16,45506,1,2026,8,16,0,3,48,0.83466005,0.4595,0.6846,1,"frame.second (+0.544), tcp.flags (+0.520), ip.src (+0.453)"
7,2,1,3,2,0,4804,16,13525,0,2026,8,16,0,3,49,0.20785226,0.4062,0.2872,0,"ip.src (-1.161), frame.second (+0.447), eth.dst (-0.294)"
7,2,1,2,2,0,42161,2,45506,0,2026,8,16,0,3,50,0.26905733,0.4,0.3215,0,"frame.protocols (-0.652), tcp.flags (-0.502), frame.second (+0.291)"
1,2,1,1,3,0,42161,24,45506,0,2026,8,16,0,3,51,0.3856689,0.4117,0.3961,0,"ip.dst (-0.586), frame.second (-0.324), ip.checksum (+0.269)"
7,2,3,1,1,2,42161,24,45506,0,2026,8,16,0,3,52,0.1435246,0.6303,0.3383,0,"frame.protocols (-0.586), eth.dst (-0.434), frame.second (-0.371)"
2,2,2,2,2,2,42161,24,13525,0,2026,8,16,0,3,53,0.19609815,0.2101,0.2017,0,"frame.second (-1.353), frame.protocols (-0.192), eth.src (+0.158)"
1,3,1,2,2,0,4804,2,45506,0,2026,8,16,0,3,54,0.110568546,0.3608,0.2106,0,"tcp.flags (-0.529), frame.second (-0.511), eth.src (-0.445)"
2,3,1,1,3,0,4804,24,45506,0,2026,8,16,0,3,55,0.030021962,0.5693,0.2457,0,"frame.second (-1.038), ip.dst (-0.761), ip.flags (-0.552)"
2,3,2,3,1,0,42161,2,13525,0,2026,8,16,0,3,56,0.0719479,0.5557,0.2655,0,"frame.second (-0.963), ip.src (-0.684), tcp.flags (-0.447)"
2,3,1,1,2,0,4804,2,13525,0,2026,8,16,0,3,57,0.21816005,0.5917,0.3676,0,"frame.second (-0.542), ip.flags (-0.502), ip.src (+0.375)"
7,2,2,2,3,0,4804,16,13525,1,2026,8,16,0,3,58,0.6879927,0.4825,0.6058,1,"ip.dst (-0.414), frame.protocols (+0.413), tcp.flags (+0.293)"
7,1,2,1,2,2,42161,24,45506,0,2026,8,16,0,3,59,0.42188573,0.6095,0.4969,0,"frame.protocols (-0.450), ip.flags (+0.233), tcp.flags (+0.160)"
1,2,2,2,3,0,4804,2,45506,0,2026,8,16,0,4,0,0.15258919,0.5286,0.303,0,"ip.dst (-0.880), ip.checksum (-0.396), tcp.flags (-0.316)"
1,1,2,2,1,2,42161,24,13525,1,2026,8,16,0,4,1,0.8550979,0.4429,0.6902,1,"eth.dst (+0.510), tcp.flags (+0.479), frame.second (-0.419)"
7,3,2,3,1,0,4804,24,45506,0,2026,8,16,0,4,2,0.059838288,0.6212,0.2844,0,"frame.second (-1.317), eth.src (-0.555), frame.protocols (-0.390)"
2,2,3,2,1,2,42161,16,13525,0,2026,8,16,0,4,3,0.12801021,0.221,0.1652,0,"frame.second (-1.231), eth.dst (-0.519), eth.src (+0.291)"
1,3,1,2,1,0,4804,24,13525,0,2026,8,16,0,4,4,0.041366044,0.501,0.2252,0,"eth.src (-1.112), frame.second (-1.082), ip.checksum (-0.285)"
7,2,3,3,2,2,4804,16,45506,0,2026,8,16,0,4,5,0.023328617,0.6618,0.2787,0,"frame.second (-1.395), ip.src (-0.726), frame.protocols (-0.449)"
7,3,1,2,2,0,42161,2,45506,0,2026,8,16,0,4,6,0.030927336,0.5085,0.222,0,"frame.second (-0.994), frame.protocols (-0.776), eth.src (-0.748)"
7,1,3,3,1,2,42161,24,13525,1,2026,8,16,0,4,7,0.10402597,0.6627,0.3275,0,"frame.second (-1.172), frame.protocols (-0.760), frame.minute (-0.414)"
2,1,2,3,1,2,42161,2,13525,0,2026,8,16,0,4,8,0.1776906,0.3271,0.2375,0,"ip.src (-0.575), frame.second (-0.574), tcp.flags (-0.437)"
7,1,1,2,1,2,42161,24,13525,0,2026,8,16,0,4,9,0.24083921,0.5392,0.3602,0,"frame.protocols (-0.995), tcp.flags (+0.331), frame.minute (-0.294)"
7,2,1,2,2,2,4804,2,13525,0,2026,8,16,0,4,10,0.095335424,0.4819,0.25,0,"frame.protocols (-0.776), tcp.flags (-0.540), frame.second (-0.417)"
7,1,3,1,1,2,4804,24,45506,0,2026,8,16,0,4,11,0.04199006,0.7209,0.3135,0,"frame.second (-1.055), frame.protocols (-0.919), eth.dst (-0.629)"
7,2,3,3,1,2,42161,24,13525,0,2026,8,16,0,4,12,0.16904373,0.5546,0.3233,0,"frame.second (-0.750), frame.protocols (-0.695), frame.minute (-0.411)"
1,1,1,1,1,0,4804,24,13525,0,2026,8,16,0,4,13,0.34510323,0.4994,0.4068,0,"frame.second (-0.584), ip.flags (-0.407), ip.dst (+0.278)"
1,1,3,2,3,2,42161,24,13525,0,2026,8,16,0,4,14,0.50759405,0.3056,0.4268,0,"eth.dst (-0.610), tcp.flags (+0.514), ip.dst (-0.404)"
7,2,3,1,1,0,42161,24,45506,0,2026,8,16,0,4,15,0.16815339,0.4539,0.2825,0,"eth.dst (-0.671), frame.protocols (-0.557), eth.src (+0.277)"
2,2,3,3,3,0,4804,24,45506,0,2026,8,16,0,4,16,0.064505056,0.4743,0.2284,0,"ip.dst (-0.794), ip.checksum (-0.460), ip.src (-0.429)"
1,1,2,1,3,0,4804,24,13525,0,2026,8,16,0,4,17,0.14969613,0.4745,0.2796,0,"ip.dst (-1.053), ip.checksum (-0.468), ip.flags (-0.277)"
7,2,2,3,1,0,42161,24,45506,1,2026,8,16,0,4,18,0.84680444,0.3303,0.6402,1,"frame.second (+0.792), tcp.flags (+0.528), eth.dst (+0.328)"
1,1,3,2,3,0,42161,24,45506,0,2026,8,16,0,4,19,0.20855238,0.3352,0.2592,0,"ip.dst (-0.771), eth.dst (-0.573), ip.checksum (+0.378)"
1,2,3,2,1,2,42161,2,45506,0,2026,8,16,0,4,20,0.5765197,0.2211,0.4343,0,"ip.dst (+0.399), tcp.flags (-0.391), eth.src (+0.262)"
2,3,2,3,2,2,4804,16,13525,0,2026,8,16,0,4,21,0.11685329,0.2302,0.1622,0,"ip.src (-0.781), tcp.flags (-0.402), eth.src (-0.354)"
7,3,2,2,2,2,4804,24,13525,1,2026,8,16,0,4,22,0.7195644,0.4319,0.6045,1,"frame.second (+0.918), eth.src (-0.529), tcp.flags (+0.490)"
7,3,1,2,2,0,4804,16,45506,0,2026,8,16,0,4,23,0.20940208,0.3369,0.2604,0,"eth.src (-0.536), ip.checksum (-0.237), eth.dst (-0.141)"
2,3,1,2,2,2,4804,24,13525,0,2026,8,16,0,4,24,0.43681604,0.266,0.3685,0,"eth.src (-1.003), tcp.flags (+0.550), frame.second (+0.351)"
2,3,2,2,3,2,42161,24,13525,1,2026,8,16,0,4,25,0.73640496,0.2774,0.5528,1,"tcp.flags (+0.814), eth.src (-0.706), ip.checksum (+0.389)"
7,1,3,3,1,2,42161,2,45506,1,2026,8,16,0,4,26,0.22462063,0.6862,0.4093,0,"frame.protocols (-0.533), frame.second (-0.361), tcp.flags (-0.332)"
7,3,3,1,1,2,42161,2,45506,0,2026,8,16,0,4,27,0.07427103,0.5933,0.2819,0,"frame.second (-0.625), eth.src (-0.614), tcp.flags (-0.440)"
2,3,3,1,1,2,42161,16,13525,0,2026,8,16,0,4,28,0.0882954,0.3045,0.1748,0,"eth.src (-1.002), eth.dst (-0.534), frame.second (-0.338)"
1,3,3,2,2,0,42161,2,45506,1,2026,8,16,0,4,29,0.6596813,0.2481,0.4951,0,"frame.second (+0.567), eth.src (-0.426), frame.minute (+0.314)"
1,3,1,1,2,2,42161,2,13525,1,2026,8,16,0,4,30,0.6987338,0.4804,0.6114,1,"eth.src (-0.546), ip.src (+0.422), tcp.flags (-0.394)"
2,2,2,1,1,0,4804,16,13525,1,2026,8,16,0,4,31,0.9455674,0.256,0.6697,1,"eth.src (+0.591), ip.src (+0.581), ip.dst (+0.414)"
1,1,3,2,2,0,4804,2,45506,0,2026,8,16,0,4,32,0.17280972,0.3432,0.241,0,"tcp.flags (-0.384), ip.checksum (-0.275), frame.second (-0.258)"
2,3,1,2,1,0,42161,24,13525,0,2026,8,16,0,4,33,0.10471638,0.4214,0.2314,0,"eth.src (-1.053), frame.second (-0.331), ip.flags (-0.308)"
1,3,3,1,1,0,42161,16,13525,0,2026,8,16,0,4,34,0.15218157,0.3415,0.2279,0,"eth.src (-0.753), eth.dst (-0.429), frame.second (-0.384)"
1,3,2,3,1,0,4804,16,45506,1,2026,8,16,0,4,35,0.07958561,0.2105,0.132,0,"ip.src (-0.851), frame.second (-0.800), eth.src (-0.376)"
7,1,1,2,1,2,4804,24,45506,0,2026,8,16,0,4,36,0.0883905,0.6444,0.3108,0,"frame.protocols (-0.895), frame.second (-0.843), frame.minute (-0.284)"
7,2,2,3,1,2,4804,2,45506,0,2026,8,16,0,4,37,0.05999166,0.4326,0.2091,0,"ip.src (-0.796), frame.second (-0.656), frame.protocols (-0.532)"
1,1,2,1,1,2,4804,16,13525,1,2026,8,16,0,4,38,0.824811,0.3366,0.6295,1,"ip.src (+0.708), ip.dst (+0.407), tcp.flags (+0.211)"
1,2,1,2,1,0,42161,16,45506,0,2026,8,16,0,4,39,0.35505074,0.1521,0.2739,0,"frame.second (-0.625), eth.src (+0.384), eth.dst (-0.312)"
7,3,1,3,2,2,42161,24,45506,1,2026,8,16,0,4,40,0.47122872,0.5159,0.4891,0,"tcp.flags (+0.728), frame.protocols (-0.382), frame.minute (-0.270)"
7,3,1,2,1,2,42161,24,45506,0,2026,8,16,0,4,41,0.099847235,0.5149,0.2659,0,"eth.src (-0.548), frame.protocols (-0.520), frame.second (-0.457)"
7,1,1,1,1,0,42161,2,45506,0,2026,8,16,0,4,42,0.077616565,0.6863,0.3211,0,"tcp.flags (-0.605), frame.protocols (-0.508), frame.second (-0.444)"
2,1,1,3,2,0,42161,16,13525,0,2026,8,16,0,4,43,0.06399835,0.388,0.1936,0,"ip.src (-1.104), tcp.flags (-0.492), eth.src (-0.367)"
1,2,1,1,2,0,4804,2,13525,1,2026,8,16,0,4,44,0.69981384,0.2802,0.532,1,"eth.src (+0.513), ip.src (+0.509), tcp.flags (-0.266)"
7,2,1,1,2,0,42161,2,45506,0,2026,8,16,0,4,45,0.1479737,0.5104,0.293,0,"frame.protocols (-0.803), tcp.flags (-0.538), eth.src (+0.435)"
1,1,3,2,1,2,4804,24,13525,0,2026,8,16,0,4,46,0.5090139,0.4865,0.5,0,"ip.dst (+0.241), eth.dst (-0.228), eth.src (+0.198)"
2,2,2,3,3,0,42161,16,45506,1,2026,8,16,0,4,47,0.6118634,0.1524,0.4281,0,"frame.second (+0.851), ip.src (-0.808), ip.dst (-0.422)"
2,1,1,1,3,0,42161,16,45506,0,2026,8,16,0,4,48,0.30815226,0.3882,0.3402,0,"ip.dst (-0.462), eth.src (-0.296), ip.flags (-0.194)"
7,2,3,1,2,2,42161,16,13525,0,2026,8,16,0,4,49,0.277334,0.4625,0.3514,0,"frame.minute (-0.539), frame.protocols (-0.476), eth.dst (-0.394)"
2,1,3,3,3,2,42161,24,13525,0,2026,8,16,0,4,50,0.20301415,0.5714,0.3504,0,"frame.second (-0.722), ip.dst (-0.547), tcp.flags (+0.326)"
1,1,3,1,2,0,42161,24,45506,0,2026,8,16,0,4,51,0.32232627,0.3505,0.3336,0,"eth.dst (-0.512), ip.flags (-0.209), frame.minute (-0.194)"
7,1,2,1,1,2,4804,24,45506,0,2026,8,16,0,4,52,0.21962717,0.7005,0.412,0,"frame.protocols (-0.622), tcp.flags (-0.419), ip.dst (+0.290)"
1,2,1,3,3,0,4804,24,13525,0,2026,8,16,0,4,53,0.019436352,0.5435,0.2291,0,"frame.second (-0.875), ip.dst (-0.868), ip.src (-0.712)"
1,2,3,3,1,0,4804,24,45506,0,2026,8,16,0,4,54,0.2428556,0.5783,0.377,0,"ip.dst (+0.654), frame.second (-0.516), ip.src (-0.507)"
2,2,2,3,3,2,42161,16,13525,0,2026,8,16,0,4,55,0.049940072,0.3687,0.1775,0,"ip.src (-1.116), frame.second (-0.899), ip.dst (-0.542)"
2,1,2,3,1,2,42161,2,45506,0,2026,8,16,0,4,56,0.19248277,0.4899,0.3115,0,"ip.src (-0.844), ip.dst (+0.564), frame.second (-0.480)"
2,2,2,2,3,0,4804,16,45506,0,2026,8,16,0,4,57,0.072289005,0.2684,0.1507,0,"frame.second (-1.223), ip.dst (-0.880), ip.flags (-0.372)"
2,2,3,3,1,0,42161,2,13525,0,2026,8,16,0,4,58,0.20984802,0.5082,0.3292,0,"frame.second (-0.977), ip.dst (+0.467), ip.src (-0.457)"
2,1,1,2,1,0,42161,24,13525,0,2026,8,16,0,4,59,0.45788696,0.5568,0.4974,0,"ip.flags (-0.353), ip.dst (+0.317), frame.second (-0.303)"
7,3,3,2,3,2,4804,2,13525,0,2026,8,16,0,5,0,0.032041587,0.7957,0.3375,0,"frame.second (-1.028), ip.dst (-0.493), eth.src (-0.394)"
1,1,3,2,1,0,42161,16,13525,0,2026,8,16,0,5,1,0.29894832,0.4215,0.348,0,"frame.second (-0.640), eth.dst (-0.456), ip.dst (+0.378)"
1,2,1,1,1,0,4804,16,13525,0,2026,8,16,0,5,2,0.47745112,0.5147,0.4923,0,"frame.second (-0.824), ip.src (+0.815), ip.dst (+0.269)"
1,1,1,2,1,0,42161,2,13525,1,2026,8,16,0,5,3,0.73227817,0.4718,0.6281,1,"eth.src (+0.321), ip.dst (+0.273), frame.minute (+0.192)"
1,3,1,2,3,0,4804,24,13525,0,2026,8,16,0,5,4,0.037582576,0.5638,0.2481,0,"frame.second (-0.937), eth.src (-0.864), ip.checksum (-0.548)"
2,1,2,1,3,0,42161,24,45506,1,2026,8,16,0,5,5,0.8888678,0.532,0.7461,1,"ip.src (+0.427), frame.second (+0.383), eth.dst (+0.362)"
1,2,1,1,1,2,42161,16,45506,1,2026,8,16,0,5,6,0.73623025,0.4059,0.6041,1,"ip.src (+0.768), frame.second (-0.535), eth.src (+0.364)"
7,3,3,1,1,0,4804,2,45506,0,2026,8,16,0,5,7,0.17210291,0.7601,0.4073,0,"frame.second (-0.872), eth.src (-0.634), frame.protocols (-0.421)"
7,2,1,3,3,0,42161,24,13525,0,2026,8,16,0,5,8,0.21298207,0.7488,0.4273,0,"frame.second (-0.853), ip.src (-0.594), frame.protocols (-0.437)"
1,3,3,1,3,0,42161,24,13525,0,2026,8,16,0,5,9,0.09384055,0.5674,0.2832,0,"eth.src (-0.836), eth.dst (-0.725), ip.dst (-0.396)"
1,3,2,1,1,0,4804,16,13525,1,2026,8,16,0,5,10,0.8507439,0.4619,0.6952,1,"eth.src (-0.718), eth.dst (+0.470), ip.src (+0.417)"
7,1,3,2,1,2,42161,24,45506,0,2026,8,16,0,5,11,0.12249674,0.4937,0.271,0,"frame.second (-0.941), frame.protocols (-0.834), eth.dst (-0.434)"
7,1,3,1,1,2,4804,2,13525,0,2026,8,16,0,5,12,0.05499274,0.684,0.3066,0,"frame.second (-1.188), frame.protocols (-0.640), eth.dst (-0.521)"
2,2,1,3,2,2,42161,16,13525,0,2026,8,16,0,5,13,0.09570403,0.2426,0.1545,0,"ip.src (-1.192), tcp.flags (-0.500), frame.second (-0.435)"
7,1,1,1,3,0,42161,16,45506,1,2026,8,16,0,5,14,0.8720904,0.6377,0.7783,1,"ip.src (+0.456), frame.second (+0.380), tcp.flags (+0.371)"
2,1,3,3,2,0,42161,2,13525,1,2026,8,16,0,5,15,0.9047902,0.432,0.7157,1,"frame.second (+0.791), tcp.checksum (+0.351), eth.dst (+0.342)"
2,3,1,1,3,2,42161,16,45506,0,2026,8,16,0,5,16,0.6096272,0.3525,0.5068,1,"frame.second (+0.718), eth.src (-0.453), ip.src (+0.369)"
2,1,2,1,3,2,4804,24,45506,0,2026,8,16,0,5,17,0.23845878,0.3904,0.2992,0,"ip.dst (-0.838), ip.checksum (-0.562), tcp.checksum (-0.194)"
2,3,2,1,3,2,42161,24,13525,0,2026,8,16,0,5,18,0.4542936,0.3078,0.3957,0,"eth.src (-0.599), ip.dst (-0.473), frame.second (+0.423)"
2,3,1,1,3,0,4804,2,13525,0,2026,8,16,0,5,19,0.27381593,0.5435,0.3817,0,"ip.dst (-0.884), frame.second (+0.436), tcp.flags (-0.391)"
1,3,2,3,3,0,42161,24,13525,1,2026,8,16,0,5,20,0.7543893,0.4953,0.6508,1,"tcp.flags (+0.598), ip.checksum (+0.464), ip.dst (-0.453)"
7,2,1,3,3,2,42161,2,45506,0,2026,8,16,0,5,21,0.07902255,0.6311,0.2999,0,"tcp.flags (-0.788), ip.src (-0.748), ip.dst (-0.515)"
2,2,3,2,3,2,42161,2,45506,0,2026,8,16,0,5,22,0.23672834,0.3361,0.2765,0,"ip.dst (-0.797), tcp.flags (-0.791), frame.second (+0.360)"
7,2,3,3,2,2,42161,24,45506,0,2026,8,16,0,5,23,0.73286134,0.4916,0.6364,1,"frame.second (+0.668), tcp.flags (+0.536), ip.checksum (+0.309)"
7,3,2,1,1,0,4804,2,13525,1,2026,8,16,0,5,24,0.69998825,0.6258,0.6703,1,"eth.src (-0.553), ip.dst (+0.470), tcp.flags (-0.403)"
2,2,1,2,1,0,4804,24,13525,1,2026,8,16,0,5,25,0.8539897,0.2513,0.6129,1,"tcp.flags (+0.435), eth.src (+0.376), frame.second (+0.365)"
1,2,1,2,2,0,4804,16,13525,0,2026,8,16,0,5,26,0.1472305,0.093,0.1255,0,"frame.second (-0.858), frame.protocols (-0.486), ip.checksum (-0.299)"
2,1,2,2,2,2,4804,16,13525,1,2026,8,16,0,5,27,0.42249447,0.1102,0.2976,0,"frame.second (-0.454), tcp.flags (-0.288), tcp.checksum (+0.244)"
1,2,3,1,2,2,42161,2,45506,0,2026,8,16,0,5,28,0.29083103,0.2203,0.2626,0,"tcp.flags (-0.622), eth.src (+0.382), eth.dst (-0.317)"
7,2,2,3,2,0,4804,24,45506,0,2026,8,16,0,5,29,0.19600642,0.3087,0.2411,0,"ip.src (-0.491), ip.checksum (-0.459), tcp.checksum (-0.418)"
1,3,3,1,3,2,4804,24,45506,0,2026,8,16,0,5,30,0.04203559,0.4443,0.2029,0,"eth.src (-0.746), ip.checksum (-0.668), ip.dst (-0.631)"
1,3,1,2,1,0,42161,16,45506,0,2026,8,16,0,5,31,0.41760746,0.2974,0.3695,0,"eth.src (-0.623), tcp.flags (+0.216), eth.dst (-0.188)"
1,3,3,1,3,2,42161,16,13525,0,2026,8,16,0,5,32,0.28831,0.3982,0.3323,0,"eth.src (-0.512), eth.dst (-0.492), ip.dst (-0.377)"
7,3,2,1,1,2,42161,24,13525,1,2026,8,16,0,5,33,0.23103625,0.5552,0.3607,0,"eth.src (-0.772), frame.protocols (-0.506), frame.second (-0.232)"
7,3,1,3,1,2,42161,2,13525,0,2026,8,16,0,5,34,0.04407968,0.8049,0.3484,0,"eth.src (-0.635), tcp.flags (-0.629), ip.src (-0.557)"
1,3,2,3,2,2,4804,16,45506,0,2026,8,16,0,5,35,0.05630688,0.1166,0.0804,0,"ip.src (-0.938), ip.checksum (-0.479), frame.second (-0.406)"
1,2,2,2,3,0,4804,2,45506,0,2026,8,16,0,5,36,0.04908225,0.2177,0.1165,0,"ip.dst (-0.769), frame.second (-0.668), tcp.flags (-0.653)"
2,3,3,1,2,2,42161,2,13525,0,2026,8,16,0,5,37,0.10530979,0.3363,0.1977,0,"eth.src (-1.033), tcp.flags (-0.542), frame.second (-0.423)"
1,3,2,1,3,0,42161,16,13525,1,2026,8,16,0,5,38,0.7347,0.2543,0.5425,1,"tcp.flags (+0.481), ip.checksum (+0.303), ip.src (+0.287)"
2,1,3,3,1,0,42161,2,45506,0,2026,8,16,0,5,39,0.22215933,0.4536,0.3147,0,"frame.second (-0.662), tcp.flags (-0.326), eth.dst (+0.316)"
1,2,1,1,2,0,4804,2,13525,0,2026,8,16,0,5,40,0.3365193,0.2768,0.3126,0,"frame.second (-0.550), ip.src (+0.481), eth.src (+0.424)"
2,2,3,1,2,2,4804,24,45506,1,2026,8,16,0,5,41,0.7816246,0.3031,0.5902,1,"frame.second (+0.530), eth.src (+0.475), ip.flags (+0.309)"
7,2,1,1,1,0,42161,2,45506,0,2026,8,16,0,5,42,0.35906285,0.5854,0.4496,0,"tcp.flags (-0.565), eth.src (+0.489), ip.src (+0.385)"
1,3,3,3,1,0,42161,24,45506,0,2026,8,16,0,5,43,0.18412013,0.4568,0.2932,0,"eth.src (-0.613), frame.second (-0.263), ip.flags (-0.188)"
1,3,2,2,1,0,4804,16,13525,0,2026,8,16,0,5,44,0.3402703,0.2013,0.2847,0,"eth.src (-0.591), tcp.flags (+0.318), frame.second (-0.259)"
1,3,3,2,2,2,42161,16,13525,0,2026,8,16,0,5,45,0.27740094,0.3348,0.3004,0,"eth.src (-0.545), tcp.flags (+0.261), ip.flags (-0.222)"
1,1,3,1,3,2,42161,24,45506,1,2026,8,16,0,5,46,0.8173574,0.4226,0.6594,1,"tcp.flags (+0.526), ip.checksum (+0.345), ip.src (+0.221)"
2,3,1,2,2,0,4804,16,13525,1,2026,8,16,0,5,47,0.786237,0.2397,0.5676,1,"frame.second (+0.956), eth.src (-0.475), tcp.flags (+0.417)"
1,1,2,3,3,2,42161,2,45506,0,2026,8,16,0,5,48,0.09868927,0.5089,0.2628,0,"ip.dst (-0.726), ip.src (-0.626), tcp.flags (-0.610)"
7,2,3,3,2,0,4804,2,45506,1,2026,8,16,0,5,49,0.6884632,0.5973,0.652,1,"frame.second (+0.837), eth.src (+0.307), ip.src (-0.263)"
7,3,2,2,2,0,42161,2,45506,0,2026,8,16,0,5,50,0.39205614,0.2956,0.3535,0,"tcp.flags (-0.652), frame.second (+0.542), eth.src (-0.531)"
1,1,3,2,1,2,42161,16,45506,0,2026,8,16,0,5,51,0.5386858,0.3323,0.4561,0,"ip.dst (+0.404), frame.second (+0.276), ip.flags (-0.257)"
7,1,3,1,3,0,4804,2,13525,0,2026,8,16,0,5,52,0.10770829,0.8553,0.4068,0,"ip.dst (-0.741), eth.dst (-0.487), tcp.flags (-0.368)"
1,3,2,2,2,2,4804,16,45506,0,2026,8,16,0,5,53,0.2670868,0.1205,0.2085,0,"frame.minute (-0.290), ip.flags (-0.273), frame.protocols (-0.271)"
1,2,3,1,2,2,42161,2,45506,0,2026,8,16,0,5,54,0.107709944,0.4085,0.228,0,"frame.second (-0.922), tcp.flags (-0.516), eth.dst (-0.302)"
7,2,2,1,1,0,4804,24,13525,0,2026,8,16,0,5,55,0.35191977,0.5911,0.4476,0,"frame.second (-0.638), tcp.flags (-0.422), ip.dst (+0.419)"
1,2,3,3,1,2,42161,16,45506,1,2026,8,16,0,5,56,0.5669707,0.4535,0.5216,1,"ip.src (-0.709), ip.dst (+0.557), eth.dst (+0.279)"
7,1,1,3,3,2,42161,16,45506,0,2026,8,16,0,5,57,0.09511946,0.7563,0.3596,0,"ip.src (-1.147), ip.dst (-0.327), frame.second (-0.284)"
2,1,2,3,2,0,4804,2,13525,0,2026,8,16,0,5,58,0.066588685,0.6079,0.2831,0,"ip.src (-0.855), frame.second (-0.772), tcp.flags (-0.333)"
1,1,3,3,3,0,42161,16,13525,0,2026,8,16,0,5,59,0.0726969,0.5734,0.273,0,"frame.second (-0.731), ip.dst (-0.640), ip.src (-0.548)"
2,1,3,2,2,2,42161,16,13525,0,2026,8,16,0,6,0,0.23622935,0.3609,0.2861,0,"frame.second (-1.000), eth.dst (-0.249), tcp.flags (-0.188)"
7,2,1,3,3,2,4804,24,45506,0,2026,8,16,0,6,1,0.03685776,0.7542,0.3238,0,"frame.second (-1.058), ip.src (-0.631), ip.checksum (-0.578)"
2,3,2,2,1,0,4804,24,13525,0,2026,8,16,0,6,2,0.068600275,0.4349,0.2151,0,"frame.second (-1.281), eth.src (-1.075), eth.dst (+0.309)"
2,1,3,3,2,2,42161,2,13525,1,2026,8,16,0,6,3,0.656856,0.5035,0.5955,1,"frame.second (-0.416), eth.dst (+0.338), tcp.checksum (+0.297)"
7,1,1,2,3,2,4804,24,45506,0,2026,8,16,0,6,4,0.052757766,0.6779,0.3028,0,"frame.second (-0.991), frame.protocols (-0.637), ip.checksum (-0.543)"
2,2,3,1,1,2,4804,2,45506,0,2026,8,16,0,6,5,0.24098065,0.5174,0.3515,0,"frame.second (-0.633), eth.dst (-0.619), ip.flags (-0.445)"
2,3,2,2,1,2,4804,2,45506,0,2026,8,16,0,6,6,0.034514934,0.3893,0.1764,0,"frame.second (-1.090), eth.src (-1.040), tcp.flags (-0.514)"
7,3,3,2,3,2,4804,2,45506,0,2026,8,16,0,6,7,0.0232486,0.6898,0.2899,0,"frame.second (-1.487), eth.src (-0.504), tcp.flags (-0.476)"
2,2,3,3,2,2,42161,16,45506,0,2026,8,16,0,6,8,0.112200014,0.3541,0.209,0,"frame.second (-1.197), ip.src (-0.441), tcp.checksum (-0.323)"
7,2,3,2,2,2,42161,24,13525,1,2026,8,16,0,6,9,0.6318073,0.3947,0.537,1,"frame.protocols (-0.502), eth.src (+0.340), tcp.flags (+0.281)"
2,3,3,1,1,0,42161,2,13525,0,2026,8,16,0,6,10,0.15522784,0.5557,0.3154,0,"eth.src (-0.869), eth.dst (-0.459), tcp.flags (-0.289)"
7,1,1,1,2,0,4804,24,13525,0,2026,8,16,0,6,11,0.12117702,0.5549,0.2947,0,"frame.second (-0.811), frame.protocols (-0.680), tcp.flags (-0.245)"
7,3,1,3,2,0,4804,2,45506,0,2026,8,16,0,6,12,0.039148867,0.5473,0.2424,0,"frame.second (-0.807), tcp.flags (-0.427), ip.src (-0.368)"
2,2,2,1,2,0,4804,24,45506,0,2026,8,16,0,6,13,0.20585266,0.2842,0.2372,0,"frame.second (-0.666), eth.src (+0.440), tcp.checksum (-0.345)"
2,1,1,2,1,0,4804,24,45506,0,2026,8,16,0,6,14,0.27121398,0.4679,0.3499,0,"frame.minute (-0.348), tcp.checksum (-0.321), ip.flags (-0.304)"
2,1,1,1,3,2,4804,2,13525,1,2026,8,16,0,6,15,0.69733214,0.4207,0.5867,1,"frame.second (+0.671), ip.dst (-0.542), tcp.flags (-0.419)"
1,2,2,3,2,2,4804,16,13525,0,2026,8,16,0,6,16,0.19154072,0.2125,0.1999,0,"ip.src (-1.185), frame.second (+0.528), tcp.flags (-0.328)"
1,2,1,2,1,2,4804,24,45506,1,2026,8,16,0,6,17,0.59402496,0.3923,0.5134,1,"frame.second (+0.378), ip.dst (+0.378), frame.minute (-0.294)"
1,2,1,3,1,2,42161,16,13525,0,2026,8,16,0,6,18,0.123906635,0.3255,0.2045,0,"ip.src (-1.180), eth.dst (-0.477), tcp.flags (-0.346)"
7,3,2,2,3,0,42161,16,45506,1,2026,8,16,0,6,19,0.83008343,0.17,0.566,1,"frame.second (+0.617), tcp.flags (+0.419), frame.minute (+0.268)"
2,3,2,1,2,2,4804,2,13525,0,2026,8,16,0,6,20,0.16761017,0.3391,0.2362,0,"eth.src (-0.854), tcp.flags (-0.546), frame.second (-0.284)"
7,1,2,3,2,2,4804,2,13525,0,2026,8,16,0,6,21,0.19466123,0.5162,0.3233,0,"ip.src (-0.588), tcp.flags (-0.487), tcp.checksum (+0.240)"
1,2,3,3,3,0,4804,2,13525,0,2026,8,16,0,6,22,0.14978398,0.6199,0.3378,0,"ip.dst (-0.997), frame.protocols (-0.464), ip.checksum (-0.354)"
2,1,3,2,3,2,42161,24,45506,1,2026,8,16,0,6,23,0.8585758,0.4277,0.6862,1,"tcp.flags (+0.761), frame.second (+0.498), ip.checksum (+0.460)"
7,1,2,3,1,2,42161,2,13525,0,2026,8,16,0,6,24,0.22663838,0.5588,0.3595,0,"ip.src (-0.575), tcp.flags (-0.569), ip.dst (+0.238)"
2,1,2,2,1,0,4804,2,13525,0,2026,8,16,0,6,25,0.2881502,0.3299,0.3049,0,"tcp.flags (-0.625), frame.second (-0.553), ip.dst (+0.440)"
7,1,2,2,3,2,4804,24,45506,0,2026,8,16,0,6,26,0.07485723,0.4728,0.234,0,"frame.second (-0.601), ip.checksum (-0.565), ip.dst (-0.480)"
2,2,3,2,2,2,42161,24,13525,1,2026,8,16,0,6,27,0.90836865,0.0744,0.5748,1,"tcp.flags (+0.579), eth.src (+0.370), tcp.checksum (+0.289)"
1,1,3,2,1,2,42161,2,45506,0,2026,8,16,0,6,28,0.24733336,0.3589,0.292,0,"tcp.flags (-0.637), ip.dst (+0.294), frame.minute (-0.278)"
1,2,1,1,1,2,42161,2,45506,1,2026,8,16,0,6,29,0.7688321,0.36,0.6053,1,"ip.src (+0.511), eth.src (+0.453), frame.second (+0.448)"
2,2,1,2,2,2,42161,2,45506,0,2026,8,16,0,6,30,0.34601006,0.1782,0.2789,0,"tcp.flags (-0.637), eth.src (+0.416), frame.minute (-0.317)"
7,3,2,3,1,0,4804,2,45506,0,2026,8,16,0,6,31,0.11075543,0.5091,0.2701,0,"eth.src (-0.459), tcp.flags (-0.436), tcp.checksum (-0.349)"
1,2,3,1,2,0,42161,16,45506,0,2026,8,16,0,6,32,0.41003734,0.1705,0.3142,0,"eth.dst (-0.491), eth.src (+0.376), tcp.flags (+0.303)"
1,3,3,3,2,0,42161,16,13525,1,2026,8,16,0,6,33,0.813377,0.4366,0.6627,1,"frame.minute (+0.295), ip.checksum (+0.289), frame.second (+0.231)"
1,2,3,1,2,0,4804,2,45506,0,2026,8,16,0,6,34,0.12516408,0.3684,0.2224,0,"eth.src (+0.447), frame.second (-0.419), eth.dst (-0.386)"
2,2,2,2,3,0,42161,16,45506,1,2026,8,16,0,6,35,0.843085,0.0,0.5059,1,"eth.src (+0.496), tcp.flags (+0.396), ip.checksum (+0.347)"
2,2,1,1,3,0,42161,24,45506,0,2026,8,16,0,6,36,0.697751,0.1809,0.491,0,"ip.checksum (+0.482), eth.src (+0.431), ip.flags (-0.259)"
7,3,2,1,3,2,42161,16,45506,0,2026,8,16,0,6,37,0.3943155,0.3243,0.3663,0,"tcp.flags (+0.592), eth.src (-0.490), frame.second (-0.351)"
7,3,1,3,2,0,4804,16,13525,0,2026,8,16,0,6,38,0.27929994,0.4193,0.3353,0,"ip.src (-0.839), frame.minute (+0.281), tcp.checksum (+0.240)"
7,1,1,3,2,0,42161,2,45506,0,2026,8,16,0,6,39,0.07131392,0.6654,0.309,0,"tcp.flags (-0.590), ip.src (-0.512), frame.second (-0.448)"
2,3,2,2,3,2,4804,16,13525,1,2026,8,16,0,6,40,0.6100817,0.2994,0.4858,0,"tcp.flags (+0.512), ip.dst (-0.297), ip.checksum (-0.280)"
2,3,1,1,1,2,4804,16,45506,1,2026,8,16,0,6,41,0.8618989,0.4626,0.7022,1,"ip.src (+0.776), tcp.flags (+0.593), eth.src (-0.370)"
7,3,1,1,2,0,42161,16,13525,1,2026,8,16,0,6,42,0.8899346,0.5579,0.7571,1,"tcp.flags (+0.653), ip.src (+0.499), frame.second (+0.450)"
7,3,3,1,1,2,42161,16,45506,1,2026,8,16,0,6,43,0.8311774,0.4262,0.6692,1,"tcp.flags (+0.712), frame.second (+0.489), frame.minute (+0.295)"
2,1,1,2,1,0,42161,24,45506,0,2026,8,16,0,6,44,0.17977534,0.3601,0.2519,0,"frame.second (-0.695), ip.flags (-0.214), ip.dst (-0.137)"
7,3,2,2,2,2,42161,2,13525,0,2026,8,16,0,6,45,0.08584625,0.5242,0.2612,0,"tcp.flags (-0.793), eth.src (-0.652), frame.protocols (-0.408)"
1,2,2,2,2,0,4804,2,45506,1,2026,8,16,0,6,46,0.68230087,0.0649,0.4354,0,"eth.src (+0.584), frame.second (+0.479), tcp.flags (-0.383)"
2,2,1,2,1,2,42161,24,13525,0,2026,8,16,0,6,47,0.22986573,0.3275,0.2689,0,"tcp.flags (-0.401), frame.second (-0.375), eth.src (+0.309)"
7,3,3,2,1,2,42161,16,45506,1,2026,8,16,0,6,48,0.8614317,0.4108,0.6812,1,"frame.second (+0.760), tcp.flags (+0.645), frame.minute (+0.334)"
2,3,3,3,3,0,42161,24,13525,1,2026,8,16,0,6,49,0.28439543,0.5826,0.4037,0,"eth.src (-0.383), ip.dst (-0.380), frame.minute (+0.348)"
1,2,1,1,3,0,4804,16,45506,0,2026,8,16,0,6,50,0.30511206,0.3993,0.3428,0,"ip.dst (-0.841), tcp.flags (+0.364), frame.protocols (-0.352)"
2,2,1,1,2,0,42161,24,45506,1,2026,8,16,0,6,51,0.66576993,0.2341,0.4931,0,"eth.src (+0.367), eth.dst (+0.159), ip.checksum (+0.158)"
2,1,2,1,3,0,42161,2,13525,0,2026,8,16,0,6,52,0.06854675,0.5469,0.2599,0,"ip.dst (-0.917), tcp.flags (-0.616), frame.second (-0.494)"
2,2,1,1,3,0,4804,2,45506,0,2026,8,16,0,6,53,0.051176522,0.4585,0.2141,0,"ip.dst (-1.009), frame.second (-0.800), tcp.flags (-0.488)"
2,2,3,1,3,2,4804,2,45506,0,2026,8,16,0,6,54,0.044684995,0.546,0.2452,0,"ip.dst (-0.960), frame.second (-0.852), tcp.flags (-0.448)"
1,3,1,1,3,0,42161,16,45506,0,2026,8,16,0,6,55,0.14495888,0.4404,0.2631,0,"frame.second (-1.097), ip.dst (-0.617), ip.flags (-0.421)"
2,2,2,1,1,0,42161,16,45506,0,2026,8,16,0,6,56,0.3811931,0.2292,0.3204,0,"frame.second (-1.039), ip.dst (+0.497), ip.flags (-0.405)"
2,1,2,1,2,2,42161,24,45506,0,2026,8,16,0,6,57,0.26761743,0.4762,0.351,0,"frame.second (-0.754), frame.protocols (-0.280), tcp.flags (+0.273)"
7,2,2,3,3,2,42161,24,45506,1,2026,8,16,0,6,58,0.7130427,0.6635,0.6932,1,"tcp.flags (+0.643), ip.checksum (+0.332), ip.src (-0.292)"
2,3,2,1,1,0,42161,2,13525,1,2026,8,16,0,6,59,0.7044387,0.5785,0.6541,1,"ip.dst (+0.521), frame.second (+0.471), ip.src (+0.311)"
7,3,2,3,1,2,4804,16,13525,0,2026,8,16,0,7,0,0.17841512,0.8734,0.4564,0,"frame.second (-0.699), ip.src (-0.499), frame.protocols (-0.341)"
1,2,1,2,1,2,4804,24,13525,0,2026,8,16,0,7,1,0.30891174,0.5031,0.3866,0,"frame.second (-0.704), ip.dst (+0.361), ip.checksum (-0.213)"
1,3,1,1,3,0,42161,16,45506,1,2026,8,16,0,7,2,0.3219033,0.5722,0.422,0,"eth.src (-0.656), frame.second (-0.512), ip.src (+0.432)"
1,1,1,2,3,2,42161,16,13525,0,2026,8,16,0,7,3,0.08758462,0.4499,0.2325,0,"ip.dst (-0.548), frame.second (-0.450), ip.flags (-0.377)"
1,1,1,2,2,2,4804,2,45506,0,2026,8,16,0,7,4,0.04983459,0.5053,0.232,0,"frame.second (-0.755), tcp.flags (-0.476), ip.flags (-0.475)"
7,2,2,2,3,0,42161,2,45506,0,2026,8,16,0,7,5,0.19614954,0.4602,0.3018,0,"tcp.flags (-0.587), frame.second (-0.488), frame.protocols (-0.482)"
2,2,3,3,3,0,42161,16,45506,0,2026,8,16,0,7,6,0.101971254,0.4662,0.2477,0,"frame.second (-0.636), ip.src (-0.549), ip.dst (-0.488)"
1,2,1,2,1,2,42161,16,45506,0,2026,8,16,0,7,7,0.1304813,0.3979,0.2374,0,"frame.second (-1.039), ip.flags (-0.459), frame.minute (-0.437)"
2,3,3,2,2,2,42161,16,13525,1,2026,8,16,0,7,8,0.06405367,0.2962,0.1569,0,"frame.second (-1.511), eth.src (-0.687), eth.dst (-0.202)"
7,1,1,2,3,0,42161,16,45506,0,2026,8,16,0,7,9,0.5981814,0.5754,0.5891,1,"ip.flags (+0.202), ip.src (+0.166), ip.checksum (+0.162)"
7,1,1,1,3,2,4804,2,13525,0,2026,8,16,0,7,10,0.16632389,0.6964,0.3783,0,"frame.second (-0.491), ip.dst (-0.438), tcp.flags (-0.427)"
7,3,3,1,1,2,42161,24,45506,0,2026,8,16,0,7,11,0.08141826,0.6007,0.2891,0,"frame.second (-1.029), eth.src (-0.524), frame.protocols (-0.431)"
1,1,2,3,1,2,42161,2,13525,0,2026,8,16,0,7,12,0.13610564,0.4322,0.2545,0,"frame.second (-0.628), tcp.flags (-0.611), ip.src (-0.485)"
2,2,1,3,3,0,42161,24,13525,0,2026,8,16,0,7,13,0.51263213,0.529,0.5192,1,"tcp.flags (+0.501), ip.dst (-0.439), ip.src (-0.427)"
2,2,1,1,2,2,4804,16,13525,1,2026,8,16,0,7,14,0.86231124,0.2165,0.604,1,"ip.src (+0.593), eth.src (+0.488), tcp.checksum (+0.277)"
2,2,1,3,2,2,4804,24,13525,1,2026,8,16,0,7,15,0.8937553,0.3482,0.6755,1,"tcp.flags (+0.709), frame.second (+0.698), tcp.checksum (+0.431)"
7,1,3,1,1,0,4804,2,13525,0,2026,8,16,0,7,16,0.49967822,0.7804,0.612,1,"frame.second (+0.708), eth.dst (-0.376), ip.dst (+0.247)"
1,2,2,2,1,2,4804,2,13525,1,2026,8,16,0,7,17,0.71878946,0.3235,0.5607,1,"ip.dst (+0.516), frame.second (+0.449), tcp.flags (-0.349)"
7,3,3,2,3,2,42161,16,45506,1,2026,8,16,0,7,18,0.84789664,0.3601,0.6528,1,"frame.second (+0.738), tcp.flags (+0.281), frame.protocols (+0.279)"
7,3,3,3,1,0,4804,2,13525,1,2026,8,16,0,7,19,0.8153622,0.7967,0.8079,1,"frame.second (+0.873), ip.dst (+0.385), tcp.checksum (+0.345)"
2,1,2,1,3,0,42161,16,45506,0,2026,8,16,0,7,20,0.16058773,0.4289,0.2679,0,"ip.dst (-0.638), frame.minute (-0.416), frame.second (-0.369)"
7,3,3,1,2,0,42161,2,13525,0,2026,8,16,0,7,21,0.16285364,0.6175,0.3447,0,"eth.src (-0.635), tcp.flags (-0.515), eth.dst (-0.292)"
2,3,2,3,2,0,4804,2,45506,0,2026,8,16,0,7,22,0.08200881,0.3583,0.1925,0,"frame.minute (-0.612), eth.src (-0.470), tcp.flags (-0.403)"
1,1,1,1,3,2,4804,16,13525,0,2026,8,16,0,7,23,0.08949975,0.4393,0.2294,0,"ip.dst (-0.906), frame.protocols (-0.592), frame.minute (-0.553)"
2,2,2,2,1,2,4804,24,13525,0,2026,8,16,0,7,24,0.8140056,0.2538,0.5899,1,"eth.src (+0.421), frame.minute (-0.389), ip.dst (+0.367)"
1,2,1,3,2,0,4804,2,45506,0,2026,8,16,0,7,25,0.023996005,0.344,0.152,0,"frame.second (-0.792), ip.src (-0.786), frame.minute (-0.556)"
2,2,3,3,1,0,4804,24,13525,1,2026,8,16,0,7,26,0.71131134,0.5714,0.6554,1,"ip.dst (+0.506), tcp.checksum (+0.423), tcp.flags (+0.282)"
7,1,3,1,2,2,42161,2,13525,1,2026,8,16,0,7,27,0.6326655,0.5429,0.5968,1,"tcp.flags (-0.421), tcp.checksum (+0.319), ip.flags (+0.284)"
7,3,1,3,3,0,4804,2,13525,1,2026,8,16,0,7,28,0.60010153,0.7393,0.6558,1,"frame.protocols (+0.451), tcp.checksum (+0.343), ip.dst (-0.263)"
1,2,3,1,3,2,4804,2,45506,0,2026,8,16,0,7,29,0.07615943,0.5459,0.2641,0,"ip.dst (-0.847), frame.minute (-0.475), frame.protocols (-0.408)"
1,2,2,1,3,0,4804,2,13525,0,2026,8,16,0,7,30,0.09802174,0.4209,0.2272,0,"ip.dst (-1.019), frame.minute (-0.526), tcp.flags (-0.471)"
1,1,1,1,2,2,42161,24,45506,0,2026,8,16,0,7,31,0.38810468,0.3546,0.3747,0,"frame.minute (-0.900), tcp.flags (+0.400), tcp.checksum (-0.226)"
2,2,3,1,1,0,4804,24,13525,0,2026,8,16,0,7,32,0.20054264,0.4472,0.2992,0,"eth.dst (-0.522), frame.second (-0.440), eth.src (+0.407)"
2,1,1,1,1,0,42161,2,13525,0,2026,8,16,0,7,33,0.20638156,0.5854,0.358,0,"tcp.flags (-0.526), frame.second (-0.477), ip.flags (-0.445)"
1,3,2,3,1,2,4804,2,45506,0,2026,8,16,0,7,34,0.054746863,0.4267,0.2035,0,"eth.src (-0.774), tcp.flags (-0.456), ip.src (-0.430)"
7,1,2,2,2,0,4804,24,13525,0,2026,8,16,0,7,35,0.12730272,0.4268,0.2471,0,"frame.second (-0.649), frame.protocols (-0.482), frame.minute (-0.329)"
2,1,3,2,2,2,42161,16,13525,1,2026,8,16,0,7,36,0.7413447,0.1716,0.5135,1,"ip.flags (+0.296), tcp.checksum (+0.204), frame.second (+0.192)"
2,1,2,3,2,2,4804,16,45506,0,2026,8,16,0,7,37,0.05297963,0.2548,0.1337,0,"ip.src (-1.086), tcp.checksum (-0.407), tcp.flags (-0.358)"
2,1,1,3,2,2,42161,24,13525,1,2026,8,16,0,7,38,0.86252266,0.4704,0.7057,1,"tcp.flags (+0.899), tcp.checksum (+0.305), ip.flags (+0.249)"
1,3,2,2,2,2,42161,2,45506,0,2026,8,16,0,7,39,0.06418578,0.2305,0.1307,0,"tcp.flags (-0.863), eth.src (-0.769), frame.minute (-0.437)"
1,3,1,2,1,2,42161,2,45506,0,2026,8,16,0,7,40,0.0339517,0.5181,0.2276,0,"eth.src (-0.867), tcp.flags (-0.680), frame.second (-0.577)"
1,2,1,2,2,0,4804,16,45506,0,2026,8,16,0,7,41,0.21670355,0.1226,0.1791,0,"frame.minute (-0.469), frame.protocols (-0.419), eth.src (+0.399)"
1,3,2,2,2,0,4804,16,13525,0,2026,8,16,0,7,42,0.21462487,0.188,0.204,0,"eth.src (-0.469), frame.minute (-0.369), tcp.flags (+0.333)"
1,3,3,2,1,2,4804,24,45506,0,2026,8,16,0,7,43,0.105394416,0.4968,0.262,0,"eth.src (-0.912), frame.minute (-0.430), ip.checksum (-0.239)"
7,2,2,1,2,0,42161,16,45506,0,2026,8,16,0,7,44,0.7777128,0.251,0.567,1,"tcp.flags (+0.543), eth.src (+0.537), ip.src (+0.482)"
7,3,1,3,1,2,4804,24,13525,0,2026,8,16,0,7,45,0.11240794,0.8763,0.418,0,"frame.second (-0.582), eth.src (-0.576), frame.protocols (-0.259)"
1,1,1,1,1,0,42161,16,45506,0,2026,8,16,0,7,46,0.19377927,0.4123,0.2812,0,"frame.minute (-0.372), eth.src (-0.362), ip.src (+0.345)"
2,1,2,2,3,0,4804,16,13525,0,2026,8,16,0,7,47,0.21302882,0.421,0.2962,0,"ip.dst (-0.916), frame.second (+0.454), eth.src (-0.390)"
1,2,3,2,3,0,42161,16,13525,1,2026,8,16,0,7,48,0.73286545,0.3986,0.5992,1,"frame.second (+0.872), ip.dst (-0.582), eth.src (+0.405)"
7,2,3,2,3,0,42161,2,13525,0,2026,8,16,0,7,49,0.21885194,0.5731,0.3606,0,"ip.dst (-0.649), tcp.flags (-0.490), eth.dst (-0.416)"
7,2,1,1,3,2,42161,2,13525,1,2026,8,16,0,7,50,0.7219712,0.8097,0.757,1,"ip.src (+0.442), eth.src (+0.392), ip.dst (-0.391)"
2,1,1,1,2,2,4804,2,45506,0,2026,8,16,0,7,51,0.31468073,0.4709,0.3772,0,"frame.minute (-0.344), tcp.flags (-0.332), tcp.checksum (-0.276)"
7,3,3,2,3,0,42161,16,45506,1,2026,8,16,0,7,52,0.85991794,0.4297,0.6878,1,"frame.second (+0.882), tcp.flags (+0.610), ip.dst (-0.369)"
1,1,2,1,1,0,42161,24,45506,1,2026,8,16,0,7,53,0.7875518,0.5233,0.6818,1,"ip.dst (+0.521), eth.dst (+0.244), tcp.flags (+0.172)"
2,2,1,1,2,2,42161,24,45506,0,2026,8,16,0,7,54,0.1508905,0.3948,0.2484,0,"frame.second (-1.144), frame.minute (-0.303), eth.src (+0.211)"
1,3,1,2,3,0,42161,24,45506,0,2026,8,16,0,7,55,0.17695409,0.5495,0.326,0,"frame.second (-0.715), ip.dst (-0.472), ip.checksum (+0.332)"
1,3,3,1,1,2,42161,24,13525,1,2026,8,16,0,7,56,0.7871473,0.7049,0.7542,1,"frame.second (+0.648), ip.dst (+0.391), eth.src (-0.344)"
2,1,2,3,2,2,42161,2,45506,0,2026,8,16,0,7,57,0.08269807,0.4843,0.2433,0,"ip.src (-0.678), frame.second (-0.519), tcp.flags (-0.453)"
1,2,3,3,2,2,4804,2,45506,0,2026,8,16,0,7,58,0.13611025,0.6057,0.324,0,"ip.src (-0.618), tcp.flags (-0.360), frame.protocols (-0.315)"
7,1,2,3,3,0,4804,16,45506,0,2026,8,16,0,7,59,0.074294455,0.7702,0.3527,0,"ip.src (-1.020), ip.dst (-0.484), frame.protocols (+0.283)"
1,3,2,3,2,2,42161,16,13525,1,2026,8,16,0,8,0,0.4994309,0.7005,0.5798,1,"ip.src (-0.419), eth.dst (+0.267), frame.second (-0.227)"
2,1,2,2,1,0,4804,24,13525,1,2026,8,16,0,8,1,0.8294336,0.6112,0.7421,1,"ip.dst (+0.495), eth.src (+0.427), eth.dst (+0.347)"
2,1,1,2,2,2,4804,2,45506,0,2026,8,16,0,8,2,0.058205154,0.5407,0.2512,0,"frame.second (-1.045), tcp.flags (-0.480), ip.flags (-0.384)"
2,2,3,2,1,0,42161,24,13525,0,2026,8,16,0,8,3,0.22368138,0.6034,0.3756,0,"eth.dst (-0.769), frame.second (-0.717), eth.src (+0.215)"
1,2,3,3,2,0,42161,16,45506,0,2026,8,16,0,8,4,0.1845875,0.4717,0.2995,0,"ip.src (-0.649), frame.second (-0.550), ip.checksum (+0.253)"
2,3,2,3,3,0,42161,16,45506,0,2026,8,16,0,8,5,0.11002724,0.5016,0.2666,0,"ip.src (-0.736), frame.second (-0.455), eth.src (-0.429)"
2,1,1,1,1,2,4804,24,13525,1,2026,8,16,0,8,6,0.90234023,0.5932,0.7787,1,"ip.dst (+0.461), eth.src (+0.390), ip.src (+0.350)"
1,1,1,1,2,2,42161,16,13525,0,2026,8,16,0,8,7,0.1396294,0.4168,0.2505,0,"frame.second (-0.969), ip.src (+0.524), ip.flags (-0.394)"
7,1,3,3,2,0,4804,24,45506,0,2026,8,16,0,8,8,0.031124214,0.8482,0.3579,0,"frame.second (-0.918), frame.protocols (-0.452), eth.dst (-0.381)"
1,3,1,3,2,0,42161,2,45506,0,2026,8,16,0,8,9,0.07533888,0.6331,0.2984,0,"tcp.flags (-0.620), eth.src (-0.613), frame.minute (-0.458)"
2,3,1,3,1,0,4804,24,13525,1,2026,8,16,0,8,10,0.82621217,0.6933,0.773,1,"eth.src (-0.700), frame.second (+0.622), tcp.flags (+0.396)"
2,2,2,3,1,2,42161,2,45506,0,2026,8,16,0,8,11,0.05380502,0.4294,0.2041,0,"frame.second (-0.895), ip.src (-0.688), tcp.flags (-0.644)"
1,2,1,1,1,2,42161,2,13525,0,2026,8,16,0,8,12,0.22063449,0.526,0.3428,0,"frame.second (-1.022), tcp.flags (-0.573), ip.src (+0.405)"
7,2,2,3,3,2,4804,16,45506,0,2026,8,16,0,8,13,0.024505863,0.6775,0.2857,0,"ip.src (-1.213), frame.second (-0.919), ip.dst (-0.370)"
2,1,3,1,3,2,4804,16,13525,0,2026,8,16,0,8,14,0.288328,0.607,0.4158,0,"eth.dst (-0.609), ip.dst (-0.561), ip.src (+0.273)"
2,1,1,3,1,0,4804,16,45506,0,2026,8,16,0,8,15,0.13053165,0.7611,0.3828,0,"ip.src (-1.186), tcp.checksum (-0.384), tcp.flags (-0.310)"
2,2,3,3,2,0,4804,24,45506,0,2026,8,16,0,8,16,0.11930236,0.4479,0.2507,0,"ip.src (-0.547), tcp.checksum (-0.529), eth.dst (-0.404)"
1,1,3,3,3,2,4804,24,13525,0,2026,8,16,0,8,17,0.11538304,0.759,0.3728,0,"ip.dst (-1.038), ip.checksum (-0.485), ip.src (-0.395)"
2,2,1,1,1,2,4804,16,45506,1,2026,8,16,0,8,18,0.9081331,0.4712,0.7333,1,"ip.src (+0.782), ip.dst (+0.427), frame.second (+0.386)"
7,3,1,1,2,0,42161,24,45506,1,2026,8,16,0,8,19,0.7716446,0.577,0.6938,1,"frame.second (+1.014), eth.src (-0.237), eth.dst (+0.208)"
2,2,3,2,3,2,4804,16,13525,1,2026,8,16,0,8,20,0.18081835,0.4925,0.3055,0,"ip.dst (-0.813), frame.second (-0.412), eth.src (+0.340)"
2,3,1,3,2,2,42161,24,45506,0,2026,8,16,0,8,21,0.5038767,0.4612,0.4868,0,"tcp.flags (+0.874), frame.minute (-0.652), eth.src (-0.447)"
7,1,2,2,2,2,42161,2,45506,1,2026,8,16,0,8,22,0.4977971,0.5003,0.4988,0,"frame.second (+0.555), tcp.flags (-0.474), frame.minute (-0.225)"
2,2,2,2,2,2,4804,2,45506,0,2026,8,16,0,8,23,0.18332759,0.1196,0.1578,0,"tcp.flags (-0.566), frame.minute (-0.512), eth.src (+0.506)"
1,1,1,1,2,2,42161,16,13525,0,2026,8,16,0,8,24,0.16662858,0.3778,0.2511,0,"frame.protocols (-0.502), frame.minute (-0.483), ip.src (+0.476)"
1,3,3,1,3,2,4804,24,13525,0,2026,8,16,0,8,25,0.03521069,0.6252,0.2712,0,"eth.src (-0.762), ip.dst (-0.728), frame.second (-0.562)"
1,3,1,2,3,0,4804,24,13525,0,2026,8,16,0,8,26,0.058270816,0.4683,0.2223,0,"frame.second (-0.747), ip.dst (-0.630), eth.src (-0.556)"
7,3,1,3,3,2,42161,2,45506,0,2026,8,16,0,8,27,0.050852668,0.7447,0.3284,0,"tcp.flags (-0.689), frame.second (-0.670), eth.src (-0.432)"
2,1,3,1,1,2,42161,2,45506,0,2026,8,16,0,8,28,0.13913213,0.5333,0.2968,0,"tcp.flags (-0.581), frame.minute (-0.420), eth.dst (-0.372)"
1,1,3,3,3,0,4804,16,45506,0,2026,8,16,0,8,29,0.04546748,0.6195,0.2751,0,"ip.src (-0.744), ip.dst (-0.678), frame.minute (-0.420)"
7,1,2,3,2,0,4804,2,45506,0,2026,8,16,0,8,30,0.07566506,0.5573,0.2683,0,"ip.src (-0.643), tcp.checksum (-0.389), tcp.flags (-0.255)"
2,1,3,2,3,0,42161,16,13525,0,2026,8,16,0,8,31,0.16055287,0.4079,0.2595,0,"ip.dst (-0.646), eth.dst (-0.386), ip.flags (-0.310)"
7,3,2,2,2,2,42161,2,45506,0,2026,8,16,0,8,32,0.061721068,0.3791,0.1887,0,"eth.src (-0.831), tcp.flags (-0.692), frame.minute (-0.363)"
1,3,3,2,1,0,42161,2,45506,0,2026,8,16,0,8,33,0.055888966,0.4426,0.2106,0,"eth.src (-0.825), frame.second (-0.659), tcp.flags (-0.618)"
1,2,1,2,2,2,42161,24,45506,1,2026,8,16,0,8,34,0.50844115,0.2908,0.4214,0,"frame.minute (-0.438), eth.src (+0.347), tcp.flags (+0.294)"
1,2,2,1,2,2,4804,2,13525,1,2026,8,16,0,8,35,0.7667549,0.3093,0.5838,1,"eth.src (+0.579), ip.src (+0.528), tcp.flags (-0.337)"
7,1,2,1,2,2,4804,2,45506,0,2026,8,16,0,8,36,0.1989081,0.5348,0.3333,0,"frame.second (-0.447), frame.protocols (-0.422), ip.src (+0.350)"
7,3,2,2,1,0,4804,16,45506,0,2026,8,16,0,8,37,0.09203461,0.3137,0.1807,0,"frame.second (-0.999), eth.src (-0.760), tcp.flags (+0.426)"
1,3,1,1,3,0,4804,2,45506,0,2026,8,16,0,8,38,0.04424477,0.5962,0.265,0,"eth.src (-0.686), tcp.flags (-0.684), frame.second (-0.622)"
7,3,1,2,3,0,42161,16,45506,1,2026,8,16,0,8,39,0.7941239,0.3542,0.6181,1,"tcp.flags (+0.600), eth.src (-0.320), ip.dst (+0.263)"
1,2,1,3,1,0,42161,2,45506,0,2026,8,16,0,8,40,0.053136677,0.5518,0.2526,0,"ip.src (-0.837), frame.second (-0.715), tcp.flags (-0.453)"
1,2,1,3,2,0,4804,2,13525,0,2026,8,16,0,8,41,0.14964041,0.4114,0.2543,0,"ip.src (-0.834), frame.protocols (-0.428), eth.src (+0.309)"
2,3,1,3,3,2,4804,16,45506,0,2026,8,16,0,8,42,0.075028084,0.3831,0.1983,0,"ip.src (-1.127), ip.dst (-0.359), eth.src (-0.324)"
7,3,2,2,1,2,4804,24,45506,0,2026,8,16,0,8,43,0.07769826,0.4941,0.2443,0,"eth.src (-0.808), frame.protocols (-0.365), frame.minute (-0.332)"
1,3,1,3,3,2,4804,16,45506,0,2026,8,16,0,8,44,0.07646065,0.4055,0.2081,0,"ip.src (-1.124), ip.dst (-0.339), eth.src (-0.256)"
1,2,2,1,1,2,4804,16,45506,1,2026,8,16,0,8,45,0.9418421,0.3154,0.6913,1,"ip.src (+0.743), eth.src (+0.496), frame.second (+0.459)"
7,3,1,3,2,0,4804,16,45506,0,2026,8,16,0,8,46,0.13042204,0.537,0.293,0,"ip.src (-1.030), eth.src (-0.251), frame.protocols (-0.174)"
2,3,3,3,3,0,4804,24,45506,0,2026,8,16,0,8,47,0.09239039,0.6689,0.323,0,"ip.dst (-0.642), frame.second (+0.543), eth.src (-0.437)"
2,1,2,3,1,2,4804,2,45506,1,2026,8,16,0,8,48,0.7265564,0.5731,0.6652,1,"frame.second (+0.945), ip.src (-0.562), ip.dst (+0.503)"
1,1,3,1,3,0,4804,16,45506,1,2026,8,16,0,8,49,0.7268793,0.6604,0.7003,1,"frame.second (+0.840), ip.dst (-0.556), frame.minute (+0.444)"
7,2,2,2,3,0,42161,16,45506,0,2026,8,16,0,8,50,0.8819022,0.2775,0.6401,1,"frame.second (+0.611), tcp.flags (+0.458), frame.minute (+0.349)"
2,3,3,1,3,2,4804,24,45506,0,2026,8,16,0,8,51,0.09470797,0.6281,0.3081,0,"ip.dst (-0.672), eth.src (-0.510), tcp.flags (-0.473)"
7,3,1,2,3,2,42161,16,13525,0,2026,8,16,0,8,52,0.7823772,0.6671,0.7363,1,"frame.second (+0.684), tcp.flags (+0.426), frame.protocols (+0.352)"
7,1,1,2,1,0,42161,2,13525,1,2026,8,16,0,8,53,0.8902812,0.8881,0.8894,1,"frame.second (+0.691), frame.minute (+0.561), ip.dst (+0.465)"
1,2,1,3,2,0,4804,24,13525,0,2026,8,16,0,8,54,0.18192713,0.4651,0.2952,0,"ip.src (-0.670), frame.second (-0.661), frame.protocols (-0.387)"
2,1,2,2,1,2,4804,2,13525,1,2026,8,16,0,8,55,0.8720993,0.537,0.7381,1,"ip.dst (+0.722), frame.minute (+0.363), ip.flags (+0.254)"
1,1,3,1,1,2,42161,2,45506,0,2026,8,16,0,8,56,0.57994413,0.7041,0.6296,1,"ip.dst (+0.554), tcp.flags (-0.517), eth.dst (-0.340)"
2,1,1,1,1,2,42161,24,13525,0,2026,8,16,0,8,57,0.78753155,0.7045,0.7543,1,"ip.dst (+0.437), ip.flags (+0.260), ip.src (+0.250)"
2,1,3,2,2,0,4804,16,13525,0,2026,8,16,0,8,58,0.17849492,0.5795,0.3389,0,"eth.dst (-0.435), ip.flags (-0.379), frame.second (-0.336)"
2,3,3,3,3,2,42161,2,45506,0,2026,8,16,0,8,59,0.10898423,0.8726,0.4144,0,"tcp.flags (-0.584), ip.src (-0.568), ip.dst (-0.561)"
2,3,1,3,3,2,4804,2,13525,0,2026,8,16,0,9,0,0.077644266,0.7967,0.3653,0,"eth.src (-0.533), ip.dst (-0.502), frame.second (-0.399)"
2,1,1,1,3,0,4804,2,13525,0,2026,8,16,0,9,1,0.65421087,0.8114,0.7171,1,"ip.src (+0.544), ip.dst (-0.457), frame.second (+0.325)"
7,2,3,3,2,0,4804,2,45506,0,2026,8,16,0,9,2,0.05133097,0.7505,0.331,0,"frame.second (-1.020), ip.src (-0.514), frame.minute (-0.495)"
1,2,1,2,3,0,42161,24,45506,1,2026,8,16,0,9,3,0.7595012,0.619,0.7033,1,"ip.checksum (+0.324), eth.src (+0.294), tcp.flags (+0.238)"
7,2,1,2,2,0,42161,24,45506,0,2026,8,16,0,9,4,0.13281843,0.6404,0.3359,0,"frame.second (-0.910), frame.protocols (-0.774), frame.minute (-0.354)"
2,2,1,1,3,0,4804,2,13525,1,2026,8,16,0,9,5,0.8576943,0.702,0.7954,1,"ip.src (+0.671), frame.second (+0.539), eth.src (+0.526)"
1,1,2,2,3,2,42161,16,13525,0,2026,8,16,0,9,6,0.10029329,0.6825,0.3332,0,"frame.second (-0.670), ip.dst (-0.557), ip.flags (-0.389)"
2,3,3,1,1,2,42161,2,45506,0,2026,8,16,0,9,7,0.021963147,0.787,0.328,0,"frame.second (-1.247), eth.src (-0.806), frame.minute (-0.535)"
1,2,3,2,2,0,42161,16,45506,0,2026,8,16,0,9,8,0.15775739,0.3589,0.2382,0,"frame.second (-0.932), eth.dst (-0.474), frame.minute (-0.431)"
7,1,2,1,1,0,42161,2,13525,0,2026,8,16,0,9,9,0.25564784,0.8953,0.5115,1,"frame.protocols (-0.663), tcp.flags (-0.467), frame.minute (-0.439)"
1,2,3,3,1,0,42161,16,45506,1,2026,8,16,0,9,10,0.6713697,0.4872,0.5977,1,"ip.src (-0.447), ip.dst (+0.444), frame.minute (-0.420)"
1,2,1,2,1,0,42161,2,13525,0,2026,8,16,0,9,11,0.19626215,0.6045,0.3596,0,"frame.minute (-0.598), frame.second (-0.589), tcp.flags (-0.439)"
1,1,3,2,2,0,42161,16,45506,0,2026,8,16,0,9,12,0.17227174,0.3811,0.2558,0,"frame.second (-0.661), frame.minute (-0.503), eth.dst (-0.293)"
1,3,1,1,2,2,4804,2,45506,0,2026,8,16,0,9,13,0.039845187,0.6797,0.2958,0,"frame.second (-0.987), eth.src (-0.805), tcp.flags (-0.633)"
1,3,2,1,3,2,42161,2,13525,0,2026,8,16,0,9,14,0.045175456,0.7326,0.3202,0,"tcp.flags (-0.813), eth.src (-0.772), frame.minute (-0.683)"
2,1,1,2,1,2,42161,16,45506,0,2026,8,16,0,9,15,0.21529725,0.5065,0.3318,0,"frame.minute (-0.745), tcp.checksum (-0.182), ip.flags (-0.166)"
1,3,3,1,3,2,42161,24,45506,1,2026,8,16,0,9,16,0.765884,0.7179,0.7467,1,"frame.second (+0.892), eth.src (-0.367), ip.checksum (+0.362)"
1,1,3,2,1,0,42161,16,45506,1,2026,8,16,0,9,17,0.6788399,0.3728,0.5564,1,"ip.dst (+0.478), frame.minute (-0.414), frame.second (+0.323)"
7,1,3,3,2,2,42161,24,13525,0,2026,8,16,0,9,18,0.7956659,0.7654,0.7836,1,"frame.second (+0.578), tcp.flags (+0.351), frame.minute (-0.290)"
1,1,2,1,2,0,42161,2,45506,0,2026,8,16,0,9,19,0.13973044,0.5623,0.3088,0,"frame.minute (-0.796), tcp.flags (-0.591), ip.src (+0.198)"
7,3,2,2,2,0,42161,16,45506,0,2026,8,16,0,9,20,0.13276681,0.2922,0.1965,0,"frame.minute (-0.918), eth.src (-0.521), frame.second (-0.216)"
2,1,3,3,1,0,42161,16,45506,0,2026,8,16,0,9,21,0.19459677,0.6098,0.3607,0,"frame.minute (-0.755), ip.src (-0.476), ip.dst (+0.420)"
1,2,1,3,2,2,4804,16,45506,0,2026,8,16,0,9,22,0.034786142,0.5082,0.2242,0,"ip.src (-1.135), frame.minute (-0.597), tcp.flags (-0.398)"
7,3,2,2,1,0,42161,24,45506,0,2026,8,16,0,9,23,0.13568588,0.5554,0.3036,0,"frame.minute (-1.160), eth.src (-0.709), frame.protocols (-0.280)"
7,3,3,1,3,2,42161,24,45506,0,2026,8,16,0,9,24,0.14838552,0.6929,0.3662,0,"eth.src (-0.693), frame.minute (-0.633), frame.second (-0.273)"
2,3,3,2,1,2,42161,2,13525,0,2026,8,16,0,9,25,0.051215935,0.5382,0.246,0,"eth.src (-0.938), frame.minute (-0.702), frame.second (-0.646)"
1,3,2,3,3,0,42161,24,13525,0,2026,8,16,0,9,26,0.19972743,0.6996,0.3997,0,"frame.minute (-0.854), frame.second (-0.612), tcp.flags (+0.602)"
1,2,2,2,1,0,4804,24,45506,0,2026,8,16,0,9,27,0.18807955,0.38,0.2649,0,"frame.minute (-0.961), frame.second (-0.893), ip.dst (+0.413)"
7,3,2,1,3,0,4804,2,13525,0,2026,8,16,0,9,28,0.12024364,0.8235,0.4016,0,"eth.src (-0.674), frame.minute (-0.558), ip.dst (-0.432)"
1,3,1,3,2,2,4804,16,13525,0,2026,8,16,0,9,29,0.11274523,0.4993,0.2674,0,"ip.src (-0.534), frame.minute (-0.442), eth.src (-0.312)"
7,1,1,2,3,0,4804,16,45506,1,2026,8,16,0,9,30,0.6057608,0.7824,0.6764,1,"tcp.flags (+0.307), eth.dst (+0.267), frame.minute (-0.236)"
1,3,3,1,2,2,4804,2,13525,0,2026,8,16,0,9,31,0.070778936,0.6496,0.3023,0,"eth.src (-0.878), frame.minute (-0.533), tcp.flags (-0.473)"
7,2,2,3,2,0,4804,16,13525,0,2026,8,16,0,9,32,0.1829419,0.3873,0.2647,0,"ip.src (-0.940), frame.minute (-0.406), tcp.checksum (+0.310)"
1,2,1,1,3,0,4804,24,13525,0,2026,8,16,0,9,33,0.0969455,0.674,0.3278,0,"ip.dst (-0.535), frame.minute (-0.466), ip.checksum (-0.421)"
2,2,2,3,1,2,4804,2,13525,1,2026,8,16,0,9,34,0.6904642,0.4285,0.5857,1,"ip.src (-0.581), eth.src (+0.434), ip.dst (+0.365)"
1,2,3,2,1,2,4804,2,13525,0,2026,8,16,0,9,35,0.3266307,0.5551,0.418,0,"eth.src (+0.452), tcp.flags (-0.313), eth.dst (-0.268)"
1,3,1,1,1,2,4804,2,13525,0,2026,8,16,0,9,36,0.15885448,0.6983,0.3746,0,"eth.src (-1.063), frame.second (-0.645), ip.src (+0.398)"
2,3,1,3,1,2,4804,16,13525,0,2026,8,16,0,9,37,0.09265612,0.6482,0.3149,0,"ip.src (-0.747), eth.src (-0.726), frame.second (-0.525)"
1,2,1,1,1,2,4804,2,13525,1,2026,8,16,0,9,38,0.7963356,0.516,0.6842,1,"ip.src (+0.564), eth.src (+0.499), ip.flags (+0.307)"
2,2,3,1,2,2,4804,2,45506,1,2026,8,16,0,9,39,0.7874042,0.4578,0.6556,1,"eth.src (+0.601), frame.second (+0.553), ip.src (+0.365)"
1,3,2,2,1,0,4804,2,45506,0,2026,8,16,0,9,40,0.04612582,0.3813,0.1802,0,"eth.src (-0.866), frame.second (-0.821), tcp.flags (-0.504)"
7,2,1,1,2,0,4804,16,13525,1,2026,8,16,0,9,41,0.85717255,0.5898,0.7502,1,"ip.src (+0.660), eth.src (+0.452), tcp.flags (+0.446)"
7,1,3,3,2,2,4804,24,13525,1,2026,8,16,0,9,42,0.778048,0.8264,0.7974,1,"frame.second (+0.564), tcp.flags (+0.345), ip.flags (+0.337)"
1,2,2,3,2,0,42161,2,45506,1,2026,8,16,0,9,43,0.13747753,0.389,0.2381,0,"ip.src (-0.750), frame.minute (-0.543), tcp.flags (-0.507)"
1,2,3,3,3,2,4804,24,13525,0,2026,8,16,0,9,44,0.11840656,0.7932,0.3883,0,"ip.dst (-0.667), ip.src (-0.570), ip.checksum (-0.379)"
1,1,2,3,3,0,42161,16,13525,0,2026,8,16,0,9,45,0.07311284,0.6975,0.3229,0,"ip.src (-0.863), ip.dst (-0.398), eth.src (-0.331)"
7,1,3,2,2,0,4804,16,45506,0,2026,8,16,0,9,46,0.2190939,0.6573,0.3944,0,"frame.minute (-0.366), frame.protocols (-0.349), ip.flags (-0.276)"
1,3,2,1,3,2,4804,16,45506,1,2026,8,16,0,9,47,0.8395978,0.5556,0.726,1,"frame.second (+1.042), tcp.flags (+0.614), ip.src (+0.497)"
7,3,1,2,1,2,42161,16,45506,0,2026,8,16,0,9,48,0.3020952,0.7224,0.4702,0,"frame.second (+0.614), frame.minute (-0.543), eth.src (-0.470)"
2,1,2,1,1,2,4804,24,13525,0,2026,8,16,0,9,49,0.30419052,0.6701,0.4505,0,"frame.second (-0.434), tcp.flags (-0.428), frame.minute (-0.394)"
7,1,3,1,2,0,42161,2,13525,0,2026,8,16,0,9,50,0.1485801,0.8405,0.4253,0,"eth.dst (-0.416), tcp.flags (-0.376), frame.protocols (-0.334)"
7,3,3,1,1,2,42161,16,45506,1,2026,8,16,0,9,51,0.86528426,0.6555,0.7814,1,"frame.second (+1.013), tcp.flags (+0.601), ip.src (+0.247)"
2,2,2,2,2,0,42161,16,45506,1,2026,8,16,0,9,52,0.8104038,0.1911,0.5627,1,"frame.second (+0.607), eth.src (+0.383), ip.src (+0.294)"
7,1,1,1,2,2,4804,24,13525,0,2026,8,16,0,9,53,0.15849316,0.8322,0.428,0,"tcp.flags (-0.410), frame.protocols (-0.368), frame.minute (-0.328)"
1,3,1,2,1,0,4804,24,45506,1,2026,8,16,0,9,54,0.67985135,0.7558,0.7102,1,"frame.second (+0.540), ip.dst (+0.510), eth.src (-0.417)"
1,2,2,3,3,0,4804,16,13525,0,2026,8,16,0,9,55,0.035858367,0.5406,0.2378,0,"ip.src (-1.034), frame.second (-0.919), ip.dst (-0.686)"
7,1,2,3,1,2,42161,2,13525,1,2026,8,16,0,9,56,0.54061234,1.0,0.7244,1,"ip.src (-0.758), ip.dst (+0.470), tcp.flags (-0.315)"
1,2,3,1,1,0,42161,2,45506,0,2026,8,16,0,9,57,0.38586938,0.7746,0.5414,1,"ip.dst (+0.604), tcp.flags (-0.452), ip.flags (-0.405)"
7,3,1,2,2,0,4804,16,45506,0,2026,8,16,0,9,58,0.48196897,0.6192,0.5369,1,"frame.second (+0.543), eth.src (-0.248), tcp.flags (+0.232)"
1,1,2,3,2,2,4804,24,13525,1,2026,8,16,0,9,59,0.6195436,0.7592,0.6754,1,"tcp.flags (+0.547), ip.src (-0.439), ip.flags (+0.255)"
